id,empNo,name,hireDate
5f03fa8bfc13ae0ff9000000,796425560-6,Wilone Shute,2017-01-25 07:46:27
5f03fa8bfc13ae0ff9000001,295039154-0,Murray Thurber,2012-05-07 20:05:50
5f03fa8bfc13ae0ff9000002,250414141-6,Ephraim Gelling,2019-01-17 10:14:33
5f03fa8bfc13ae0ff9000003,359617204-7,Arlan Heynen,2016-04-20 08:10:36
5f03fa8bfc13ae0ff9000004,148551117-8,Tory Hales,2019-04-11 12:51:23
5f03fa8bfc13ae0ff9000005,248571925-X,Johnna Arnoult,2018-10-09 13:06:43
5f03fa8bfc13ae0ff9000006,106825874-8,Car Fetherston,2015-11-21 04:17:17
5f03fa8bfc13ae0ff9000007,065105508-3,Cristabel Neat,2013-11-24 14:21:06
5f03fa8bfc13ae0ff9000008,762971989-2,Hedwig Ezzell,2012-07-11 23:42:23
5f03fa8bfc13ae0ff9000009,458076596-6,Gunilla Hamblington,2018-07-20 22:26:27
5f03fa8bfc13ae0ff900000a,304166030-X,Madlin Burker,2015-01-08 14:37:35
5f03fa8bfc13ae0ff900000b,436332784-7,Whitney Mountain,2018-07-21 12:48:56
5f03fa8bfc13ae0ff900000c,468316557-0,Thomas Wason,2010-09-26 08:34:17
5f03fa8bfc13ae0ff900000d,993850923-1,Carley Pinel,2015-06-05 09:30:35
5f03fa8bfc13ae0ff900000e,079825136-0,Avril Cousins,2011-03-24 19:03:11
5f03fa8bfc13ae0ff900000f,210795963-3,Hermon Adacot,2014-01-08 23:58:05
5f03fa8bfc13ae0ff9000010,191937558-9,Guenevere Fawdry,2018-03-20 14:24:20
5f03fa8bfc13ae0ff9000011,409455216-2,Brody Westwater,2010-07-23 08:56:14
5f03fa8bfc13ae0ff9000012,395493078-1,Tallia Spawforth,2016-12-01 11:50:42
5f03fa8bfc13ae0ff9000013,979049516-1,Olive Fransemai,2016-04-17 21:39:22
5f03fa8bfc13ae0ff9000014,388515117-0,Genovera Melmore,2013-05-03 03:54:43
5f03fa8bfc13ae0ff9000015,970184736-9,Micki Doale,2016-06-21 16:30:21
5f03fa8bfc13ae0ff9000016,909088257-X,Bobinette Doget,2011-05-31 02:19:56
5f03fa8bfc13ae0ff9000017,901684322-1,Consalve Base,2015-11-19 10:27:26
5f03fa8bfc13ae0ff9000018,037660303-8,Consuela Johnikin,2013-06-13 07:25:39
5f03fa8bfc13ae0ff9000019,302262486-7,Clayborn Stowte,2017-05-15 19:07:58
5f03fa8bfc13ae0ff900001a,879253364-7,Linea Faro,2011-09-20 09:18:47
5f03fa8bfc13ae0ff900001b,003822715-0,Valle Gurnay,2016-10-11 02:10:18
5f03fa8bfc13ae0ff900001c,664140805-1,Christopher Willard,2012-04-06 04:19:09
5f03fa8bfc13ae0ff900001d,393315617-3,Faustine Dunaway,2015-06-05 16:21:35
5f03fa8bfc13ae0ff900001e,007137939-8,Flossie Cowope,2016-03-01 22:50:25
5f03fa8bfc13ae0ff900001f,558075993-2,Odell Sapp,2013-12-16 03:28:01
5f03fa8bfc13ae0ff9000020,461272196-9,Cristobal Champley,2014-09-28 03:49:45
5f03fa8bfc13ae0ff9000021,081083557-6,Aldin Towse,2016-01-29 21:28:29
5f03fa8bfc13ae0ff9000022,355736451-8,Matelda Keepe,2013-04-04 16:02:13
5f03fa8bfc13ae0ff9000023,396210603-0,Agace Ende,2019-11-20 04:38:06
5f03fa8bfc13ae0ff9000024,344545890-1,Tandy Bompas,2016-09-22 15:49:43
5f03fa8bfc13ae0ff9000025,192841746-9,Bil Monger,2011-09-12 01:33:30
5f03fa8bfc13ae0ff9000026,582920900-4,Alisha Nettle,2010-08-25 06:55:48
5f03fa8bfc13ae0ff9000027,154605891-5,Hillier Cowdroy,2013-05-13 19:33:06
5f03fa8bfc13ae0ff9000028,314503432-4,Launce McKnockiter,2010-08-05 01:15:16
5f03fa8bfc13ae0ff9000029,955334697-9,Zita McGaffey,2013-12-23 13:19:51
5f03fa8bfc13ae0ff900002a,515003284-0,Buddy Shrimptone,2014-06-28 04:58:05
5f03fa8bfc13ae0ff900002b,649980863-6,Kelsi Elsbury,2011-03-02 02:54:14
5f03fa8bfc13ae0ff900002c,535952697-1,Anna-diana Morrissey,2015-03-08 02:22:24
5f03fa8bfc13ae0ff900002d,482591086-6,Aurlie Simonich,2010-12-25 10:54:58
5f03fa8bfc13ae0ff900002e,286708958-1,Cleveland Elwood,2018-11-26 02:56:13
5f03fa8bfc13ae0ff900002f,468626801-X,Eugen Chagg,2016-05-10 17:55:17
5f03fa8bfc13ae0ff9000030,061638689-3,Brynne Lankham,2011-01-15 03:57:15
5f03fa8bfc13ae0ff9000031,539332150-3,Janetta Sole,2012-07-18 03:35:04
5f03fa8bfc13ae0ff9000032,501771575-4,Adams Knudsen,2018-10-27 23:49:30
5f03fa8bfc13ae0ff9000033,846273772-9,Corina Espinet,2018-01-01 11:24:27
5f03fa8bfc13ae0ff9000034,125180599-X,Darice Dadley,2015-05-16 14:53:57
5f03fa8bfc13ae0ff9000035,216612828-9,Jessamyn Cartmell,2011-05-26 07:01:21
5f03fa8bfc13ae0ff9000036,493569505-6,Charline Oda,2018-04-02 16:19:52
5f03fa8bfc13ae0ff9000037,783149168-6,Melessa Acey,2011-05-23 20:26:32
5f03fa8bfc13ae0ff9000038,534766483-5,Oswell Askem,2012-10-27 15:26:22
5f03fa8bfc13ae0ff9000039,147861951-1,Candida Heephy,2020-06-28 14:51:06
5f03fa8bfc13ae0ff900003a,353117388-X,Barbara Estcot,2012-05-27 19:44:00
5f03fa8bfc13ae0ff900003b,008022513-6,Roland Hutfield,2010-08-10 07:45:48
5f03fa8bfc13ae0ff900003c,840073941-8,Desiri Beau,2018-01-08 00:58:43
5f03fa8bfc13ae0ff900003d,478146321-5,Nikola Tendahl,2011-11-08 16:41:50
5f03fa8bfc13ae0ff900003e,067825038-3,Kelli Caldecot,2019-10-11 05:20:34
5f03fa8bfc13ae0ff900003f,727669513-1,Uri Danielut,2010-09-15 15:13:08
5f03fa8bfc13ae0ff9000040,926363027-5,Fabio Vassie,2012-02-14 00:56:40
5f03fa8bfc13ae0ff9000041,476347645-9,Elwin Campion,2011-12-12 05:28:08
5f03fa8bfc13ae0ff9000042,630982344-2,Farrel Vondrak,2015-09-25 01:39:08
5f03fa8bfc13ae0ff9000043,194580506-4,Fawnia Leverson,2013-04-07 16:58:56
5f03fa8bfc13ae0ff9000044,248528505-5,Michale Adlard,2019-11-22 07:05:33
5f03fa8bfc13ae0ff9000045,331207049-X,Rickey Temperley,2018-09-22 09:39:05
5f03fa8bfc13ae0ff9000046,821514343-1,Barth Ossipenko,2019-04-18 02:31:09
5f03fa8bfc13ae0ff9000047,693697267-5,Francisco Dufaire,2016-10-26 02:04:08
5f03fa8bfc13ae0ff9000048,669836331-6,Paddy Blackaller,2020-03-16 15:02:59
5f03fa8bfc13ae0ff9000049,590892182-3,Clive Bollum,2011-01-21 10:37:03
5f03fa8bfc13ae0ff900004a,297762913-0,Nert Neasham,2010-12-22 15:11:51
5f03fa8bfc13ae0ff900004b,110400188-8,Scotty Blackleech,2016-04-05 08:36:14
5f03fa8bfc13ae0ff900004c,501415891-9,Lewie Farrin,2015-11-08 10:50:28
5f03fa8bfc13ae0ff900004d,000580457-4,Katine Appleford,2019-08-07 01:02:22
5f03fa8bfc13ae0ff900004e,670854657-4,Tammara McKenna,2011-01-22 06:26:25
5f03fa8bfc13ae0ff900004f,867597276-8,Keefer Oherlihy,2020-04-26 17:25:13
5f03fa8bfc13ae0ff9000050,518141778-7,Mattie Pawlick,2018-04-30 15:17:08
5f03fa8bfc13ae0ff9000051,978217731-8,Bambi Perry,2015-11-20 15:27:43
5f03fa8bfc13ae0ff9000052,508180766-4,Gabbey Kimbley,2015-06-23 00:48:47
5f03fa8bfc13ae0ff9000053,127386613-4,Baryram Tidmas,2015-07-23 03:15:50
5f03fa8bfc13ae0ff9000054,775950929-4,Concordia Pethick,2013-11-23 18:48:45
5f03fa8bfc13ae0ff9000055,235445359-0,Kevan Beany,2012-03-21 13:40:08
5f03fa8bfc13ae0ff9000056,410105316-2,Mathilde Eyam,2013-08-20 08:13:59
5f03fa8bfc13ae0ff9000057,957578548-7,Lorinda Olner,2019-10-07 12:01:40
5f03fa8bfc13ae0ff9000058,269882709-2,Lorri Cardoso,2016-05-20 15:25:13
5f03fa8bfc13ae0ff9000059,663983161-9,Derek Thomen,2013-12-28 17:29:59
5f03fa8bfc13ae0ff900005a,533758999-7,Malory Swinyard,2010-09-22 00:48:32
5f03fa8bfc13ae0ff900005b,536759898-6,Sanderson Jorissen,2016-11-07 03:20:57
5f03fa8bfc13ae0ff900005c,877379531-3,Quinton Brammar,2017-08-05 14:22:47
5f03fa8bfc13ae0ff900005d,042457758-5,Gwyn Heugh,2019-12-18 00:30:27
5f03fa8bfc13ae0ff900005e,470806534-5,Warren Keming,2019-09-26 20:21:35
5f03fa8bfc13ae0ff900005f,856190881-5,Dulce Killner,2016-04-06 21:16:06
5f03fa8bfc13ae0ff9000060,905576925-8,Lucais Keeling,2016-01-22 02:20:04
5f03fa8bfc13ae0ff9000061,438378782-7,Livy Boich,2011-02-14 15:37:26
5f03fa8bfc13ae0ff9000062,052794018-6,Janina Duckhouse,2018-07-13 02:47:07
5f03fa8bfc13ae0ff9000063,407015762-X,Perry Coltart,2010-08-31 09:23:08
5f03fa8bfc13ae0ff9000064,318665649-4,Parnell Lillyman,2019-02-25 13:03:32
5f03fa8bfc13ae0ff9000065,292536226-5,Daren Duffett,2018-04-23 22:39:29
5f03fa8bfc13ae0ff9000066,899562183-4,Tome Miles,2016-02-09 15:32:46
5f03fa8bfc13ae0ff9000067,107313621-3,Emelina Cuthbert,2012-08-02 03:27:05
5f03fa8bfc13ae0ff9000068,178213363-1,Hugo Patriskson,2013-08-13 19:16:27
5f03fa8bfc13ae0ff9000069,378863265-8,Bamby Panting,2011-11-10 03:55:28
5f03fa8bfc13ae0ff900006a,808025007-3,Christyna Drane,2014-08-26 04:19:16
5f03fa8bfc13ae0ff900006b,900342774-7,Ernest Dawley,2018-07-06 02:04:25
5f03fa8bfc13ae0ff900006c,675148978-1,Nina Acomb,2012-06-11 06:03:06
5f03fa8bfc13ae0ff900006d,434972203-3,Normie Portigall,2015-04-04 02:02:27
5f03fa8bfc13ae0ff900006e,645008060-4,Enrichetta Habert,2017-03-24 20:34:25
5f03fa8bfc13ae0ff900006f,134603297-1,Terri-jo Polle,2014-09-28 20:13:29
5f03fa8bfc13ae0ff9000070,858954616-0,Vince Letteresse,2015-12-08 17:32:47
5f03fa8bfc13ae0ff9000071,979593618-2,Burt McHaffy,2018-10-01 08:52:12
5f03fa8bfc13ae0ff9000072,510574895-6,Rita Clackers,2013-01-21 03:41:31
5f03fa8bfc13ae0ff9000073,041011444-8,Maryann Brafferton,2013-01-27 08:15:34
5f03fa8bfc13ae0ff9000074,525838396-2,Nil Dyneley,2010-08-13 17:19:34
5f03fa8bfc13ae0ff9000075,385839241-3,Allsun O'Hagirtie,2013-01-14 23:07:12
5f03fa8bfc13ae0ff9000076,148311516-X,Axel Delhanty,2014-11-03 13:48:08
5f03fa8bfc13ae0ff9000077,378875230-0,Nicolis Burdess,2017-12-17 00:32:55
5f03fa8bfc13ae0ff9000078,835319820-7,Grayce Tavernor,2014-06-19 19:03:47
5f03fa8bfc13ae0ff9000079,422931980-0,Konstanze Straine,2015-04-06 22:17:49
5f03fa8bfc13ae0ff900007a,611637013-6,Audi Godard,2013-05-17 08:12:19
5f03fa8bfc13ae0ff900007b,550993240-6,Roobbie Dibbert,2014-01-17 02:19:19
5f03fa8bfc13ae0ff900007c,081927949-8,Joyce Guidi,2017-05-20 02:03:22
5f03fa8bfc13ae0ff900007d,464927093-6,Bogart Fallawe,2011-09-20 18:15:55
5f03fa8bfc13ae0ff900007e,852146856-3,Dodie Abram,2012-01-29 10:23:31
5f03fa8bfc13ae0ff900007f,446313545-1,Wendy Shambrook,2016-03-07 19:40:57
5f03fa8bfc13ae0ff9000080,147690032-9,Mattie Woodrup,2010-08-07 17:52:42
5f03fa8bfc13ae0ff9000081,162322153-6,Bari Darrel,2011-06-18 14:28:26
5f03fa8bfc13ae0ff9000082,783227099-3,Denys Minci,2019-11-25 14:55:31
5f03fa8bfc13ae0ff9000083,461868946-3,Kristoffer Pettiward,2014-01-17 05:07:27
5f03fa8bfc13ae0ff9000084,388929451-0,Carlin Bengoechea,2015-09-03 23:36:15
5f03fa8bfc13ae0ff9000085,472728865-6,Corine Brockway,2011-08-31 20:57:59
5f03fa8bfc13ae0ff9000086,907304723-4,Darrick Vanetti,2013-02-28 08:15:03
5f03fa8bfc13ae0ff9000087,152022326-9,Elbertine Renals,2016-01-20 16:27:35
5f03fa8bfc13ae0ff9000088,235914897-4,Connor Fearby,2012-10-01 10:10:07
5f03fa8bfc13ae0ff9000089,129808149-1,Janina Stapleford,2012-11-04 21:06:54
5f03fa8bfc13ae0ff900008a,913019950-6,Coretta Dumberell,2011-12-13 00:20:09
5f03fa8bfc13ae0ff900008b,973033572-9,Eduino Regnard,2014-08-25 05:15:33
5f03fa8bfc13ae0ff900008c,456663488-4,Kelsey Northcott,2015-09-18 06:52:03
5f03fa8bfc13ae0ff900008d,215790861-7,Odilia MacMakin,2015-05-03 21:05:59
5f03fa8bfc13ae0ff900008e,425514981-X,Andie Duberry,2011-08-08 10:34:39
5f03fa8bfc13ae0ff900008f,845130729-9,Caterina Minithorpe,2018-07-09 12:39:16
5f03fa8bfc13ae0ff9000090,369544920-9,Lamond Rusbridge,2019-10-14 10:03:10
5f03fa8bfc13ae0ff9000091,136262395-4,Clementine McMillam,2012-06-25 01:50:03
5f03fa8bfc13ae0ff9000092,846512335-7,Javier Myrkus,2015-06-02 20:45:28
5f03fa8bfc13ae0ff9000093,014368212-1,Fabiano Lambertz,2010-07-31 11:07:41
5f03fa8bfc13ae0ff9000094,570703553-2,Ema Gawne,2017-04-18 18:37:26
5f03fa8bfc13ae0ff9000095,687277458-4,Doyle Bazoge,2018-04-01 15:14:18
5f03fa8bfc13ae0ff9000096,985786120-2,Godwin Muddle,2010-08-19 06:18:53
5f03fa8bfc13ae0ff9000097,248605633-5,Rowland Eayres,2011-06-10 01:11:23
5f03fa8bfc13ae0ff9000098,334730469-1,Randolf Goldin,2017-03-02 08:04:59
5f03fa8bfc13ae0ff9000099,559521337-X,Aleece Slatford,2014-07-17 04:20:51
5f03fa8bfc13ae0ff900009a,774190716-6,Carl Haskew,2014-03-28 17:33:40
5f03fa8bfc13ae0ff900009b,963369977-0,Prudence Sicely,2016-10-18 04:03:11
5f03fa8bfc13ae0ff900009c,113058649-9,Omero Groveham,2015-11-14 03:02:08
5f03fa8bfc13ae0ff900009d,333229996-4,Chiquita Happert,2014-10-04 10:30:42
5f03fa8bfc13ae0ff900009e,372786016-2,Fayre Rayhill,2014-07-05 23:52:35
5f03fa8bfc13ae0ff900009f,623998933-9,Felic Ledgley,2014-04-17 09:02:48
5f03fa8bfc13ae0ff90000a0,966750438-7,Klarika Spilling,2017-08-03 14:25:23
5f03fa8bfc13ae0ff90000a1,106911954-7,Margaretha Eddisforth,2015-04-10 08:52:18
5f03fa8bfc13ae0ff90000a2,861443812-5,Eal Skally,2015-08-16 11:36:11
5f03fa8bfc13ae0ff90000a3,165180662-4,Darcy McCrohon,2015-07-20 07:48:58
5f03fa8bfc13ae0ff90000a4,245497911-X,Rosalinde Renowden,2011-11-21 03:12:55
5f03fa8bfc13ae0ff90000a5,348457666-9,Augustin Gasticke,2017-01-27 16:46:49
5f03fa8bfc13ae0ff90000a6,433968756-1,Jerrome Peterkin,2016-10-21 19:50:19
5f03fa8bfc13ae0ff90000a7,258863870-8,Fairleigh Lorriman,2014-04-01 15:21:46
5f03fa8bfc13ae0ff90000a8,184868263-8,Wilton Caldecutt,2016-04-08 16:53:01
5f03fa8bfc13ae0ff90000a9,999757969-0,Mile Thorold,2016-07-15 04:40:23
5f03fa8bfc13ae0ff90000aa,477439053-4,Tobin Mapston,2015-10-07 15:43:47
5f03fa8bfc13ae0ff90000ab,556798545-2,Bobbe Braund,2011-07-12 07:39:26
5f03fa8bfc13ae0ff90000ac,295719638-7,Arden Lochrie,2012-07-03 22:44:42
5f03fa8bfc13ae0ff90000ad,168859532-5,Ingra Abriani,2014-01-30 18:08:51
5f03fa8bfc13ae0ff90000ae,111938204-1,Anastasie Cowdery,2013-10-12 05:49:50
5f03fa8bfc13ae0ff90000af,339864741-3,Donica Adrian,2011-10-23 06:21:12
5f03fa8bfc13ae0ff90000b0,792071346-3,Jeane Sebrens,2019-10-28 14:39:37
5f03fa8bfc13ae0ff90000b1,534679822-6,Angeli Tenant,2012-03-09 09:40:51
5f03fa8bfc13ae0ff90000b2,661221047-8,Evangelin Ritchley,2011-12-02 20:31:46
5f03fa8bfc13ae0ff90000b3,600903559-7,Isidoro Chaman,2011-10-31 22:56:00
5f03fa8bfc13ae0ff90000b4,874877689-0,Phylys Kilian,2013-11-26 08:47:42
5f03fa8bfc13ae0ff90000b5,142830410-X,Sky D'Aubney,2014-08-23 04:16:53
5f03fa8bfc13ae0ff90000b6,216697169-5,Drucill Twohig,2017-09-29 06:36:41
5f03fa8bfc13ae0ff90000b7,040719735-4,Marlee Jozsa,2017-03-08 18:58:11
5f03fa8bfc13ae0ff90000b8,563640096-9,Scotty Gonneau,2011-01-18 11:04:16
5f03fa8bfc13ae0ff90000b9,122067481-8,Nester Dunford,2017-03-19 02:04:40
5f03fa8bfc13ae0ff90000ba,118497543-4,Urban Wynter,2010-08-07 04:29:46
5f03fa8bfc13ae0ff90000bb,695646561-2,Kailey Olphert,2017-04-28 10:50:29
5f03fa8bfc13ae0ff90000bc,112221620-3,Lexine Emlyn,2012-09-23 20:40:20
5f03fa8bfc13ae0ff90000bd,884288175-9,Emmett Learmonth,2013-04-27 22:50:48
5f03fa8bfc13ae0ff90000be,352893650-9,Claresta Suttle,2011-05-31 08:50:04
5f03fa8bfc13ae0ff90000bf,762124609-X,Kevina McClean,2012-06-17 08:14:16
5f03fa8bfc13ae0ff90000c0,974607130-0,Zarah Hallitt,2016-07-20 10:02:26
5f03fa8bfc13ae0ff90000c1,863130460-3,Olympe Turpey,2013-02-02 22:28:05
5f03fa8bfc13ae0ff90000c2,611303201-9,Micheal Farre,2016-11-03 20:34:51
5f03fa8bfc13ae0ff90000c3,446838478-6,Leshia Spawforth,2013-12-16 12:23:29
5f03fa8bfc13ae0ff90000c4,947672116-2,Georgie Thomtson,2019-01-22 19:20:19
5f03fa8bfc13ae0ff90000c5,119641839-X,Marybeth Pattini,2017-03-15 03:30:09
5f03fa8bfc13ae0ff90000c6,532861682-0,Ardene Cockshot,2011-01-31 20:25:00
5f03fa8bfc13ae0ff90000c7,194531715-9,Joshia Napoli,2016-08-19 05:18:21
5f03fa8bfc13ae0ff90000c8,556334812-1,Esdras Matkin,2018-07-28 23:28:12
5f03fa8bfc13ae0ff90000c9,327434835-X,Dominick Kinzett,2015-12-02 22:11:06
5f03fa8bfc13ae0ff90000ca,755876217-0,Dulsea Vickarman,2010-07-09 19:04:35
5f03fa8bfc13ae0ff90000cb,413320914-1,Peyton Pristnor,2016-11-01 13:30:54
5f03fa8bfc13ae0ff90000cc,911685956-1,Lotta Tallis,2012-10-31 12:27:01
5f03fa8bfc13ae0ff90000cd,153175227-6,Kerstin Angrove,2017-08-15 09:04:58
5f03fa8bfc13ae0ff90000ce,472305414-6,Allyn Bech,2013-05-15 07:55:55
5f03fa8bfc13ae0ff90000cf,871956942-4,Dougy Trudgian,2015-06-27 09:01:55
5f03fa8bfc13ae0ff90000d0,681645485-5,Shayna MacNish,2014-07-11 16:53:39
5f03fa8bfc13ae0ff90000d1,103325929-2,Aldous Jaycock,2014-11-02 18:55:46
5f03fa8bfc13ae0ff90000d2,059952175-9,Haydon Broxton,2014-08-08 19:51:52
5f03fa8bfc13ae0ff90000d3,432053922-2,Nap Eite,2012-05-28 20:08:15
5f03fa8bfc13ae0ff90000d4,866969596-0,Friederike Turville,2017-05-22 07:11:50
5f03fa8bfc13ae0ff90000d5,017521148-5,Angelique Fells,2018-10-01 23:49:39
5f03fa8bfc13ae0ff90000d6,445307666-5,Aguie Steers,2017-01-19 03:35:34
5f03fa8bfc13ae0ff90000d7,422796731-7,Conrade Augur,2015-07-30 08:05:20
5f03fa8bfc13ae0ff90000d8,546937233-2,Kayle Castillo,2020-04-14 17:33:40
5f03fa8bfc13ae0ff90000d9,509563046-X,Haywood Bourdice,2015-04-13 19:51:46
5f03fa8bfc13ae0ff90000da,586466485-5,Keslie Ianiello,2013-04-24 14:17:21
5f03fa8bfc13ae0ff90000db,763957966-X,Wildon Mose,2013-08-02 17:12:14
5f03fa8bfc13ae0ff90000dc,339115530-2,Lawrence Itschakov,2018-01-28 14:03:07
5f03fa8bfc13ae0ff90000dd,372427947-7,Forbes Shimoni,2014-09-05 09:02:33
5f03fa8bfc13ae0ff90000de,941233781-7,Harrison Brandes,2011-09-14 16:21:38
5f03fa8bfc13ae0ff90000df,892623603-X,Kylila Rawlyns,2015-05-27 08:07:34
5f03fa8bfc13ae0ff90000e0,263723134-3,Steffen Peterkin,2013-07-26 04:20:43
5f03fa8bfc13ae0ff90000e1,053351510-6,Doll Godlip,2020-06-20 06:39:12
5f03fa8bfc13ae0ff90000e2,532032984-9,Shurwood Steele,2010-12-17 22:02:37
5f03fa8bfc13ae0ff90000e3,585350499-1,Lorrie Guilford,2017-08-21 14:02:55
5f03fa8bfc13ae0ff90000e4,225963030-8,Joya Klain,2012-07-26 05:58:04
5f03fa8bfc13ae0ff90000e5,151736641-0,Bibbie Lints,2018-07-31 03:52:01
5f03fa8bfc13ae0ff90000e6,461307805-9,Fredericka Dufoure,2011-10-13 01:04:05
5f03fa8bfc13ae0ff90000e7,351552426-6,Zebedee Pittle,2011-05-06 11:03:27
5f03fa8bfc13ae0ff90000e8,983565754-8,Far Rogeon,2010-09-13 17:01:17
5f03fa8bfc13ae0ff90000e9,950776319-8,Jesse Castaignet,2014-09-02 03:38:03
5f03fa8bfc13ae0ff90000ea,392257527-7,Deeyn Genn,2011-04-09 23:30:24
5f03fa8bfc13ae0ff90000eb,461494460-4,Mayer Southwood,2017-04-19 02:42:47
5f03fa8bfc13ae0ff90000ec,136706870-3,Jeth Taleworth,2016-09-28 15:11:35
5f03fa8bfc13ae0ff90000ed,408188885-X,Katharina Knewstubb,2020-05-07 20:50:38
5f03fa8bfc13ae0ff90000ee,622185416-4,Stesha Baud,2014-02-12 13:05:20
5f03fa8bfc13ae0ff90000ef,103304346-X,Loralee Morby,2011-02-03 01:39:02
5f03fa8bfc13ae0ff90000f0,947538827-3,Warner Tonkin,2016-09-23 05:59:18
5f03fa8bfc13ae0ff90000f1,959889502-5,Dickie O'Sirin,2011-11-20 11:35:02
5f03fa8bfc13ae0ff90000f2,542490109-3,Rafaelia Parslow,2011-01-02 02:56:50
5f03fa8bfc13ae0ff90000f3,799596437-4,Tobey Adamolli,2018-01-17 11:01:08
5f03fa8bfc13ae0ff90000f4,599633593-X,Karena Paulus,2015-11-08 12:48:37
5f03fa8bfc13ae0ff90000f5,945134365-2,Hodge Kitt,2018-05-08 01:24:11
5f03fa8bfc13ae0ff90000f6,492637972-4,Edna Bucktrout,2017-06-21 06:34:34
5f03fa8bfc13ae0ff90000f7,410106336-2,Normie Wildash,2015-09-10 06:17:38
5f03fa8bfc13ae0ff90000f8,090367913-2,Moyra McKerrow,2017-11-15 17:03:25
5f03fa8bfc13ae0ff90000f9,535867626-0,Boris Berrill,2015-09-10 07:46:40
5f03fa8bfc13ae0ff90000fa,620245408-3,Pammie Cranston,2011-04-19 17:40:26
5f03fa8bfc13ae0ff90000fb,680434471-5,Gusty Wigg,2012-01-06 01:37:05
5f03fa8bfc13ae0ff90000fc,193134579-1,Lilia Roger,2020-03-10 18:18:47
5f03fa8bfc13ae0ff90000fd,970120892-7,Aimee Crosio,2012-01-16 23:48:13
5f03fa8bfc13ae0ff90000fe,511628137-X,Bab Beig,2018-06-11 03:18:04
5f03fa8bfc13ae0ff90000ff,945916674-1,Celene Speariett,2017-03-04 17:48:28
5f03fa8bfc13ae0ff9000100,447534779-3,Layton Revens,2018-12-10 01:09:25
5f03fa8bfc13ae0ff9000101,745628619-1,Emogene Cassels,2010-12-03 04:11:07
5f03fa8bfc13ae0ff9000102,209206119-4,Vaughan Cluelow,2019-08-19 02:12:27
5f03fa8bfc13ae0ff9000103,369405640-8,Angelika Iwanowicz,2011-03-17 19:34:32
5f03fa8bfc13ae0ff9000104,021594756-8,Zach Gorsse,2014-12-12 01:14:20
5f03fa8bfc13ae0ff9000105,757668553-0,Therese Joffe,2011-11-04 21:22:18
5f03fa8bfc13ae0ff9000106,371850940-7,Inge Botham,2016-01-15 08:51:34
5f03fa8bfc13ae0ff9000107,379197110-7,Mahala Trethewey,2019-01-30 10:49:46
5f03fa8bfc13ae0ff9000108,827817177-7,Breanne Spyby,2018-06-06 01:28:40
5f03fa8bfc13ae0ff9000109,003199564-0,Abigael Swatland,2011-12-29 18:25:41
5f03fa8bfc13ae0ff900010a,232614906-8,Winona Etridge,2014-09-10 19:24:32
5f03fa8bfc13ae0ff900010b,841576423-5,Kennith Phippen,2013-02-23 18:41:14
5f03fa8bfc13ae0ff900010c,874103310-8,Geralda Vowdon,2018-06-10 07:17:33
5f03fa8bfc13ae0ff900010d,691519861-X,Ase Lean,2017-07-25 06:49:07
5f03fa8bfc13ae0ff900010e,791626245-2,Heloise Dinsell,2012-12-29 23:22:01
5f03fa8bfc13ae0ff900010f,771419203-8,Baudoin Ballendine,2020-04-28 19:47:28
5f03fa8bfc13ae0ff9000110,241563318-6,Lyndsie Titley,2013-01-09 06:33:10
5f03fa8bfc13ae0ff9000111,843359082-0,Ambur Chisholm,2019-06-12 18:33:34
5f03fa8bfc13ae0ff9000112,238870512-6,Ash Avramovsky,2019-02-22 22:16:07
5f03fa8bfc13ae0ff9000113,467103171-X,Gerik Gopsill,2018-11-26 03:12:27
5f03fa8bfc13ae0ff9000114,154653527-6,Donnell Goodfellow,2017-08-16 08:51:10
5f03fa8bfc13ae0ff9000115,481421229-1,Hunt Wasselin,2011-01-06 02:54:22
5f03fa8bfc13ae0ff9000116,500832770-4,Noel Simison,2013-10-30 11:46:43
5f03fa8bfc13ae0ff9000117,068011328-2,Nonna Shearstone,2017-11-15 21:20:54
5f03fa8bfc13ae0ff9000118,888615258-2,Rafaelia Sighard,2013-12-04 08:26:19
5f03fa8bfc13ae0ff9000119,930378651-3,Riane Crone,2017-05-21 04:08:34
5f03fa8bfc13ae0ff900011a,435723439-5,Juliann Libbey,2020-01-15 03:11:23
5f03fa8bfc13ae0ff900011b,601656012-X,Ingunna Franzke,2018-06-29 23:41:52
5f03fa8bfc13ae0ff900011c,179134864-5,Sigfrid Eccles,2012-05-29 05:13:06
5f03fa8bfc13ae0ff900011d,033564599-2,Sheilah Bourges,2017-02-13 22:46:06
5f03fa8bfc13ae0ff900011e,255195711-7,Cyrille Pagin,2017-01-17 00:58:18
5f03fa8bfc13ae0ff900011f,692781122-2,Cleon Antonacci,2018-08-02 18:06:38
5f03fa8bfc13ae0ff9000120,192044544-7,Arlinda Colliard,2017-11-19 17:32:54
5f03fa8bfc13ae0ff9000121,717931088-3,Bab Gleder,2014-07-30 08:55:08
5f03fa8bfc13ae0ff9000122,814301965-9,Aharon Aronstein,2012-05-09 06:04:21
5f03fa8bfc13ae0ff9000123,556800539-7,Randy Cartin,2012-08-24 19:52:46
5f03fa8bfc13ae0ff9000124,446980155-0,Constantia Novichenko,2015-08-01 04:15:50
5f03fa8bfc13ae0ff9000125,816934213-9,Wyatt Gietz,2013-11-08 15:42:08
5f03fa8bfc13ae0ff9000126,761044307-7,Adelle Oriel,2015-03-17 05:36:48
5f03fa8bfc13ae0ff9000127,229058455-X,Cesaro Shannahan,2014-04-30 22:59:59
5f03fa8bfc13ae0ff9000128,225731102-7,Angie Pappin,2018-06-07 08:08:26
5f03fa8bfc13ae0ff9000129,422647533-X,Donnie Watt,2013-09-15 11:34:11
5f03fa8bfc13ae0ff900012a,639920603-0,Dex Archbold,2013-04-22 10:17:56
5f03fa8bfc13ae0ff900012b,038057106-4,Cherri Ortiger,2019-08-11 00:02:12
5f03fa8bfc13ae0ff900012c,257917332-3,Ignatius Birds,2018-01-04 11:23:47
5f03fa8bfc13ae0ff900012d,603048554-7,Jody Darcy,2012-06-21 17:06:22
5f03fa8bfc13ae0ff900012e,478544917-9,Gawen Lawdham,2013-04-12 09:03:16
5f03fa8bfc13ae0ff900012f,139425855-0,Raquela Heineking,2016-05-24 22:44:04
5f03fa8bfc13ae0ff9000130,626386442-7,Julianna Gullifant,2015-07-18 14:16:20
5f03fa8bfc13ae0ff9000131,797733855-6,Joete Trye,2011-09-08 07:27:46
5f03fa8bfc13ae0ff9000132,306709497-2,Mignonne Beharrell,2017-04-28 17:32:59
5f03fa8bfc13ae0ff9000133,795368397-0,Agneta Caldayrou,2010-10-01 16:10:18
5f03fa8bfc13ae0ff9000134,398457903-9,Megan Dyson,2016-05-23 09:22:08
5f03fa8bfc13ae0ff9000135,395929872-2,Allsun Patershall,2018-05-26 02:56:26
5f03fa8bfc13ae0ff9000136,404276913-6,Jamill Polley,2015-11-24 20:17:53
5f03fa8bfc13ae0ff9000137,392394952-9,Patrizius Ranvoise,2017-06-23 23:10:55
5f03fa8bfc13ae0ff9000138,207174416-0,Heidi O'Downe,2014-12-14 01:42:01
5f03fa8bfc13ae0ff9000139,549912072-2,Elmo Aguirrezabal,2020-06-06 08:48:14
5f03fa8bfc13ae0ff900013a,725855592-7,Sybille Izac,2017-04-17 05:53:14
5f03fa8bfc13ae0ff900013b,638975782-4,Drusilla Heinecke,2011-02-09 07:44:08
5f03fa8bfc13ae0ff900013c,241031723-5,Dodie Huxton,2013-03-07 06:54:03
5f03fa8bfc13ae0ff900013d,538661381-2,Lucille Ogles,2020-06-12 05:34:22
5f03fa8bfc13ae0ff900013e,559416181-3,Talya Scroggs,2012-08-12 07:38:07
5f03fa8bfc13ae0ff900013f,846050114-0,Wallie Maulin,2013-07-30 04:46:54
5f03fa8bfc13ae0ff9000140,121218879-9,Dianemarie Game,2017-10-22 09:32:27
5f03fa8bfc13ae0ff9000141,720900144-1,Eachelle Vasilic,2011-01-18 02:46:57
5f03fa8bfc13ae0ff9000142,941349410-X,Kristin Stern,2011-02-23 08:26:28
5f03fa8bfc13ae0ff9000143,437344438-2,Bibby Speake,2019-08-28 11:10:18
5f03fa8bfc13ae0ff9000144,601484868-1,Rudolph Smithers,2011-05-02 01:37:54
5f03fa8bfc13ae0ff9000145,669703598-6,Man Connock,2013-08-07 01:54:54
5f03fa8bfc13ae0ff9000146,379155548-0,Paquito MacNulty,2019-05-19 21:13:10
5f03fa8bfc13ae0ff9000147,901942885-3,Boycie Muris,2017-08-20 03:37:21
5f03fa8bfc13ae0ff9000148,147471313-0,Marna Aleksic,2010-10-18 10:02:58
5f03fa8bfc13ae0ff9000149,718643049-X,Garwood Aloshikin,2012-04-09 07:52:05
5f03fa8bfc13ae0ff900014a,759321626-8,Morris Jiroutek,2019-07-12 23:28:07
5f03fa8bfc13ae0ff900014b,997423871-4,Devin Villalta,2013-06-07 09:07:35
5f03fa8bfc13ae0ff900014c,209199471-5,Nataline Hodgins,2020-05-07 02:07:14
5f03fa8bfc13ae0ff900014d,762919277-0,Hiram Cumes,2018-04-29 00:57:34
5f03fa8bfc13ae0ff900014e,242622024-4,Rossy St Angel,2011-08-20 19:12:49
5f03fa8bfc13ae0ff900014f,522848563-5,Chloris Goodspeed,2019-05-27 13:12:05
5f03fa8bfc13ae0ff9000150,829429951-0,Raven Happel,2015-09-11 06:20:48
5f03fa8bfc13ae0ff9000151,603873311-6,Caresse Scinelli,2020-01-11 21:38:21
5f03fa8bfc13ae0ff9000152,804770993-3,Aridatha Skyme,2014-03-07 16:44:14
5f03fa8bfc13ae0ff9000153,534311393-1,Culver Presdie,2011-08-24 05:37:51
5f03fa8bfc13ae0ff9000154,682849564-0,Ania Rentcome,2011-06-14 18:09:59
5f03fa8bfc13ae0ff9000155,083410238-2,Karoly Smieton,2016-11-01 12:40:22
5f03fa8bfc13ae0ff9000156,892738310-9,Ashley Alleway,2018-10-18 19:04:28
5f03fa8bfc13ae0ff9000157,460839690-0,Zeb Priel,2011-01-09 01:35:07
5f03fa8bfc13ae0ff9000158,771944855-3,Theresita Webland,2011-06-04 00:35:18
5f03fa8bfc13ae0ff9000159,398244780-1,Alicia Fitch,2013-08-20 13:39:52
5f03fa8bfc13ae0ff900015a,811149802-0,Toby Root,2019-12-02 16:55:35
5f03fa8bfc13ae0ff900015b,612334051-4,Riki Langmaid,2018-05-01 19:33:53
5f03fa8bfc13ae0ff900015c,508620781-9,Lovell Buterton,2014-07-30 03:46:52
5f03fa8bfc13ae0ff900015d,893749463-9,Nora Jebb,2011-12-15 08:00:03
5f03fa8bfc13ae0ff900015e,043357621-9,Norah Twentyman,2016-12-22 11:50:09
5f03fa8bfc13ae0ff900015f,327054261-5,Aggy Tatterton,2016-08-19 15:19:15
5f03fa8bfc13ae0ff9000160,045283831-2,Lodovico Maun,2011-04-18 17:37:41
5f03fa8bfc13ae0ff9000161,856042319-2,Tudor Boreland,2018-07-28 22:42:30
5f03fa8bfc13ae0ff9000162,938716606-6,Selma Sire,2015-04-01 02:27:59
5f03fa8bfc13ae0ff9000163,783629446-3,Kristofer Hudleston,2012-01-04 21:05:27
5f03fa8bfc13ae0ff9000164,378402062-3,Cordelia Jewsbury,2018-04-13 15:22:02
5f03fa8bfc13ae0ff9000165,563208789-1,Clarisse Paullin,2019-03-25 07:16:35
5f03fa8bfc13ae0ff9000166,087584142-2,Johan Mowatt,2012-10-27 00:54:54
5f03fa8bfc13ae0ff9000167,066728700-0,Vinnie Padell,2017-11-17 23:11:08
5f03fa8bfc13ae0ff9000168,818431780-8,Rowney Tidman,2013-01-29 03:05:37
5f03fa8bfc13ae0ff9000169,717723553-1,Roxanne Dampier,2010-08-08 12:03:00
5f03fa8bfc13ae0ff900016a,560641428-7,Leanor Duddle,2018-03-07 22:21:38
5f03fa8bfc13ae0ff900016b,678722631-4,Judith Cowlishaw,2020-05-22 20:38:12
5f03fa8bfc13ae0ff900016c,405560540-4,Harper Wintour,2015-09-19 21:19:16
5f03fa8bfc13ae0ff900016d,057996782-4,Aurore Hulland,2012-06-17 05:02:55
5f03fa8bfc13ae0ff900016e,186619844-0,Lucio Jiruca,2015-09-20 00:02:26
5f03fa8bfc13ae0ff900016f,564863378-5,Jacquelin Longhorn,2010-10-30 18:49:26
5f03fa8bfc13ae0ff9000170,662706754-4,Arman Dayley,2018-11-19 06:33:17
5f03fa8bfc13ae0ff9000171,127187736-8,Kassandra Pelfer,2016-01-22 19:54:20
5f03fa8bfc13ae0ff9000172,638842421-X,Dell Catford,2011-10-13 15:58:13
5f03fa8bfc13ae0ff9000173,635615975-8,Bink Akaster,2011-01-09 02:12:53
5f03fa8bfc13ae0ff9000174,134630997-3,Arte Skalls,2011-06-22 23:29:20
5f03fa8bfc13ae0ff9000175,093930691-3,Hamilton Lundy,2010-12-18 13:09:21
5f03fa8bfc13ae0ff9000176,150399265-9,Louie Szymoni,2015-05-13 16:22:58
5f03fa8bfc13ae0ff9000177,723975565-7,Boone Deniscke,2010-10-15 06:20:39
5f03fa8bfc13ae0ff9000178,659458688-2,Courtenay Linge,2016-06-13 03:23:04
5f03fa8bfc13ae0ff9000179,697170113-5,Shawnee Baal,2012-02-17 10:02:11
5f03fa8bfc13ae0ff900017a,704120273-9,Lara Fashion,2020-05-12 17:27:02
5f03fa8bfc13ae0ff900017b,225784413-0,Rafaelia Morales,2019-06-16 23:32:54
5f03fa8bfc13ae0ff900017c,581833904-1,Edith Kabisch,2015-01-02 14:24:40
5f03fa8bfc13ae0ff900017d,053628730-9,Even Saw,2020-01-04 01:54:59
5f03fa8bfc13ae0ff900017e,858173393-X,Orelie Limrick,2012-06-07 21:15:33
5f03fa8bfc13ae0ff900017f,293329005-7,Kaleb Milward,2012-04-09 14:21:37
5f03fa8bfc13ae0ff9000180,045991499-5,Layne Andrzej,2012-08-20 19:05:39
5f03fa8bfc13ae0ff9000181,751487818-1,Polly Didsbury,2019-01-12 14:33:32
5f03fa8bfc13ae0ff9000182,179190149-2,Tove Shayes,2012-04-24 03:57:53
5f03fa8bfc13ae0ff9000183,101251086-7,Sander Engelmann,2013-08-31 09:08:25
5f03fa8bfc13ae0ff9000184,520796917-X,Aron Daughton,2018-04-04 20:30:50
5f03fa8bfc13ae0ff9000185,858113198-0,Gus Rubinfeld,2019-06-07 11:42:33
5f03fa8bfc13ae0ff9000186,893858166-7,Kalli Hartnup,2012-03-25 07:16:33
5f03fa8bfc13ae0ff9000187,248300337-0,Darya Plesing,2019-09-07 04:05:57
5f03fa8bfc13ae0ff9000188,230562385-2,Margaretta Sturdey,2018-05-19 22:30:26
5f03fa8bfc13ae0ff9000189,254126113-6,Marie-ann McGeffen,2016-07-12 06:55:07
5f03fa8bfc13ae0ff900018a,905430686-6,Alexandre Regorz,2018-02-27 23:01:27
5f03fa8bfc13ae0ff900018b,260932043-4,Thekla Sweeny,2016-05-02 06:10:27
5f03fa8bfc13ae0ff900018c,765150687-1,Gradeigh Trathan,2016-05-18 18:31:30
5f03fa8bfc13ae0ff900018d,645565721-7,Tatum Polon,2011-05-01 09:01:29
5f03fa8bfc13ae0ff900018e,587110859-8,Barnett Ludmann,2019-10-08 08:15:57
5f03fa8bfc13ae0ff900018f,572647643-3,Stearne Pirdue,2010-08-01 17:22:07
5f03fa8bfc13ae0ff9000190,024868445-0,Bo Edyson,2018-11-25 00:00:01
5f03fa8bfc13ae0ff9000191,438043294-7,Lonny Beincken,2017-11-15 06:47:27
5f03fa8bfc13ae0ff9000192,371330414-9,Henrik MacShane,2011-10-18 09:16:05
5f03fa8bfc13ae0ff9000193,545025362-1,Jorrie Balharry,2010-12-25 09:06:13
5f03fa8bfc13ae0ff9000194,892319502-2,Valentin Harberer,2011-01-03 01:19:43
5f03fa8bfc13ae0ff9000195,198994228-8,Bartholomew Gutherson,2012-04-15 01:24:36
5f03fa8bfc13ae0ff9000196,723040509-2,Montgomery Lacroix,2018-10-24 03:30:56
5f03fa8bfc13ae0ff9000197,505923536-X,Alan Stinchcombe,2014-12-09 05:46:26
5f03fa8bfc13ae0ff9000198,521833812-5,Matthieu Rudman,2017-10-27 09:40:13
5f03fa8bfc13ae0ff9000199,523353070-8,Dulcie Vaz,2013-12-26 11:20:02
5f03fa8bfc13ae0ff900019a,718936992-9,Filmore Pettegree,2010-09-15 13:44:47
5f03fa8bfc13ae0ff900019b,764473869-X,Valry Ricold,2014-08-18 02:25:01
5f03fa8bfc13ae0ff900019c,243686198-6,Jeno Oleszczak,2017-09-01 10:27:46
5f03fa8bfc13ae0ff900019d,549610939-6,Annis Briar,2014-02-25 22:43:12
5f03fa8bfc13ae0ff900019e,291563231-6,Kiri Sturton,2013-12-25 03:32:16
5f03fa8bfc13ae0ff900019f,074506815-4,Demetre Wahner,2018-03-25 23:26:10
5f03fa8bfc13ae0ff90001a0,566923563-0,Tristan Orto,2018-03-23 19:47:36
5f03fa8bfc13ae0ff90001a1,750863705-4,Cyndy Armytage,2013-11-04 23:42:44
5f03fa8bfc13ae0ff90001a2,041119854-8,Lannie Prose,2015-12-20 04:38:16
5f03fa8bfc13ae0ff90001a3,922331571-9,Virge Olczyk,2019-09-28 11:04:04
5f03fa8bfc13ae0ff90001a4,760843513-5,Shelba Sivyour,2016-01-23 08:15:39
5f03fa8bfc13ae0ff90001a5,860144044-4,Heather Finkle,2019-02-01 04:10:43
5f03fa8bfc13ae0ff90001a6,554881869-4,Gregoor Rowantree,2013-04-22 05:48:17
5f03fa8bfc13ae0ff90001a7,029560937-0,Ronny Haslegrave,2010-09-12 09:40:51
5f03fa8bfc13ae0ff90001a8,849006127-0,Chariot Scrammage,2019-01-19 11:31:20
5f03fa8bfc13ae0ff90001a9,405515401-1,Sharon McGurn,2015-07-24 18:55:57
5f03fa8bfc13ae0ff90001aa,061611334-X,Meggi Bentham,2013-09-15 04:10:30
5f03fa8bfc13ae0ff90001ab,158870308-8,Kaylyn Playfair,2020-05-31 01:04:23
5f03fa8bfc13ae0ff90001ac,994020180-X,Francesco Verty,2015-12-05 23:49:33
5f03fa8bfc13ae0ff90001ad,535161041-8,Hurley Girardey,2016-11-05 16:39:15
5f03fa8bfc13ae0ff90001ae,334351896-4,Willow Bernuzzi,2016-04-04 19:31:53
5f03fa8bfc13ae0ff90001af,581180366-4,Erhart Francomb,2011-09-13 03:31:41
5f03fa8bfc13ae0ff90001b0,961083677-1,Monique Scipsey,2020-01-07 20:05:49
5f03fa8bfc13ae0ff90001b1,142069907-5,Steffi Marcham,2013-02-25 19:28:49
5f03fa8bfc13ae0ff90001b2,897008713-3,Roberta Jereatt,2020-06-10 05:02:04
5f03fa8bfc13ae0ff90001b3,541586293-5,Pattie Silburn,2018-08-16 09:30:43
5f03fa8bfc13ae0ff90001b4,313315056-1,Prisca Cloney,2012-11-17 21:18:46
5f03fa8bfc13ae0ff90001b5,523714793-3,Augy Lewing,2020-06-08 19:23:41
5f03fa8bfc13ae0ff90001b6,631101006-2,Bryce Spellacey,2018-02-10 04:27:05
5f03fa8bfc13ae0ff90001b7,755537837-X,Kurt Crew,2017-05-22 14:48:31
5f03fa8bfc13ae0ff90001b8,729701632-2,Tiffi Weeks,2016-05-21 00:05:54
5f03fa8bfc13ae0ff90001b9,651276948-1,Trista Mangeon,2019-04-23 04:15:16
5f03fa8bfc13ae0ff90001ba,180590759-X,Artair Muckleston,2011-03-04 21:58:27
5f03fa8bfc13ae0ff90001bb,980103824-1,Moishe Medina,2020-01-29 20:07:16
5f03fa8bfc13ae0ff90001bc,534513325-5,Hallsy Storror,2013-05-11 09:34:05
5f03fa8bfc13ae0ff90001bd,856815067-5,Greggory Habershon,2014-07-27 15:50:21
5f03fa8bfc13ae0ff90001be,454462321-9,Forrest Charlson,2013-11-30 11:10:04
5f03fa8bfc13ae0ff90001bf,124874160-9,Margy Glanders,2017-04-23 03:24:31
5f03fa8bfc13ae0ff90001c0,636591387-7,Bourke Sirman,2013-12-04 08:05:15
5f03fa8bfc13ae0ff90001c1,584061483-1,Binnie Galia,2020-06-21 22:21:16
5f03fa8bfc13ae0ff90001c2,794043806-9,Kordula Bankes,2015-08-20 19:51:44
5f03fa8bfc13ae0ff90001c3,426231640-8,Taite Theodore,2019-02-18 16:02:20
5f03fa8bfc13ae0ff90001c4,417887735-6,Danya Symper,2011-06-14 21:15:10
5f03fa8bfc13ae0ff90001c5,499482181-X,Goraud Cuttelar,2015-12-11 09:01:54
5f03fa8bfc13ae0ff90001c6,882001027-5,Eldredge Martinec,2020-02-20 06:10:23
5f03fa8bfc13ae0ff90001c7,042488017-2,Felike Klimontovich,2014-04-22 20:03:19
5f03fa8bfc13ae0ff90001c8,042959199-3,Shaun Brimmell,2018-10-20 02:43:27
5f03fa8bfc13ae0ff90001c9,266355810-9,Kora Eglin,2013-09-24 09:45:57
5f03fa8bfc13ae0ff90001ca,662404894-8,Eliot Benettelli,2015-06-13 08:13:53
5f03fa8bfc13ae0ff90001cb,127017652-8,Gerome Corington,2018-10-17 03:50:25
5f03fa8bfc13ae0ff90001cc,146106665-4,Dominic Medforth,2019-06-04 04:55:52
5f03fa8bfc13ae0ff90001cd,590896326-7,Skipton Aylmore,2011-11-21 21:47:26
5f03fa8bfc13ae0ff90001ce,397800682-0,Huntley Ghione,2011-02-20 01:48:22
5f03fa8bfc13ae0ff90001cf,868297139-9,Chelsey Kneel,2011-10-18 06:24:27
5f03fa8bfc13ae0ff90001d0,306238121-3,Sena Thoma,2019-03-11 22:03:06
5f03fa8bfc13ae0ff90001d1,037488530-3,Aaron Shippey,2012-08-01 08:20:34
5f03fa8bfc13ae0ff90001d2,062489465-7,Aguie Smitherman,2016-04-21 18:30:33
5f03fa8bfc13ae0ff90001d3,238102647-9,Coleman McBlain,2016-08-30 04:07:36
5f03fa8bfc13ae0ff90001d4,761126042-1,Cecil Tilburn,2015-07-16 17:35:34
5f03fa8bfc13ae0ff90001d5,611126775-2,Coral Giraudat,2015-01-09 12:27:01
5f03fa8bfc13ae0ff90001d6,976267703-X,Yevette Buyers,2019-02-11 21:08:20
5f03fa8bfc13ae0ff90001d7,899663554-5,Lorelei Monnelly,2014-10-20 17:49:30
5f03fa8bfc13ae0ff90001d8,421028861-6,Durante Pescott,2013-01-10 09:44:09
5f03fa8bfc13ae0ff90001d9,578007458-5,Milt Boyson,2013-08-10 00:43:55
5f03fa8bfc13ae0ff90001da,190847529-3,Dulcea Donn,2017-07-20 17:33:16
5f03fa8bfc13ae0ff90001db,553804099-2,Brendis Muneely,2018-08-27 09:23:34
5f03fa8bfc13ae0ff90001dc,926539995-3,Kennett Creswell,2011-05-12 17:07:53
5f03fa8bfc13ae0ff90001dd,742551004-9,Trev Grichukhanov,2018-03-08 16:36:29
5f03fa8bfc13ae0ff90001de,063717005-9,Cassi Clail,2018-10-27 14:21:54
5f03fa8bfc13ae0ff90001df,917417733-8,Averell Poter,2014-01-28 02:17:17
5f03fa8bfc13ae0ff90001e0,969004714-0,Zelig Sandham,2017-09-15 23:48:11
5f03fa8bfc13ae0ff90001e1,689384103-5,Inglebert Lipson,2019-05-12 20:45:22
5f03fa8bfc13ae0ff90001e2,518297022-6,Piggy Bebis,2020-01-06 15:26:36
5f03fa8bfc13ae0ff90001e3,462027700-2,Ileane Caught,2020-01-24 12:47:03
5f03fa8bfc13ae0ff90001e4,683124802-0,Darryl Vankov,2018-10-16 03:31:42
5f03fa8bfc13ae0ff90001e5,169999213-4,Drusilla Vanyard,2017-02-23 23:12:17
5f03fa8bfc13ae0ff90001e6,109079118-6,Shawn Hann,2020-03-15 08:50:50
5f03fa8bfc13ae0ff90001e7,375976249-2,Guthry Simic,2018-10-15 17:40:40
5f03fa8bfc13ae0ff90001e8,986308537-5,Tiffanie Fairlie,2013-02-19 08:49:25
5f03fa8bfc13ae0ff90001e9,835698151-4,Marcus Pagnin,2016-08-16 18:58:45
5f03fa8bfc13ae0ff90001ea,228555294-7,Pascal Gash,2018-03-07 22:47:38
5f03fa8bfc13ae0ff90001eb,083725264-4,Ermentrude Kedslie,2013-04-16 08:09:51
5f03fa8bfc13ae0ff90001ec,349209284-5,Ally Spikeings,2018-09-27 12:49:11
5f03fa8bfc13ae0ff90001ed,791455792-7,Farra Claridge,2012-08-10 02:17:10
5f03fa8bfc13ae0ff90001ee,865928930-7,Margaux Hullett,2016-11-29 21:13:52
5f03fa8bfc13ae0ff90001ef,151341371-6,Wyatan Hurt,2019-10-31 11:02:23
5f03fa8bfc13ae0ff90001f0,282964021-7,Jasmina Holdren,2018-07-28 03:52:04
5f03fa8bfc13ae0ff90001f1,726508904-9,Cobbie Chalcraft,2014-11-28 23:54:49
5f03fa8bfc13ae0ff90001f2,677668536-3,Trula Brower,2018-12-28 09:11:45
5f03fa8bfc13ae0ff90001f3,886801459-9,Elnar Redbourn,2019-11-27 10:59:40
5f03fa8bfc13ae0ff90001f4,326169535-8,Theo Jeannel,2016-11-25 12:28:41
5f03fa8bfc13ae0ff90001f5,512346598-7,Jazmin Defond,2016-02-19 06:45:26
5f03fa8bfc13ae0ff90001f6,546149214-2,Jase Hallam,2018-01-11 04:48:37
5f03fa8bfc13ae0ff90001f7,674107434-1,Madelene Gantzer,2020-05-30 17:28:12
5f03fa8bfc13ae0ff90001f8,706059310-1,Roseanne Tenbrug,2013-07-02 15:19:34
5f03fa8bfc13ae0ff90001f9,473858685-8,Poul Hattiff,2011-04-27 02:19:41
5f03fa8bfc13ae0ff90001fa,833281290-9,Neel Spere,2016-10-04 18:27:34
5f03fa8bfc13ae0ff90001fb,280502505-9,Leann Tippin,2018-06-19 15:25:19
5f03fa8bfc13ae0ff90001fc,359215732-9,Morten Fardo,2016-06-10 09:58:51
5f03fa8bfc13ae0ff90001fd,651554052-3,Melvin Mardy,2010-12-31 14:38:24
5f03fa8bfc13ae0ff90001fe,317327722-8,Chelsea Drakard,2020-04-18 05:48:54
5f03fa8bfc13ae0ff90001ff,809117652-X,Chiarra Treadwell,2019-12-30 13:33:20
5f03fa8bfc13ae0ff9000200,001878262-0,Shelbi Stodhart,2014-01-17 07:28:30
5f03fa8bfc13ae0ff9000201,737668801-3,Murdoch Gobell,2013-05-21 18:48:26
5f03fa8bfc13ae0ff9000202,398699415-7,Trip Pentecost,2016-10-20 03:49:35
5f03fa8bfc13ae0ff9000203,188821025-7,Marys Dumbleton,2017-02-01 09:28:11
5f03fa8bfc13ae0ff9000204,795760651-2,Rubina Grave,2014-08-22 03:05:31
5f03fa8bfc13ae0ff9000205,360811628-1,Lilli Krier,2017-08-10 02:59:08
5f03fa8bfc13ae0ff9000206,241495697-6,Burnaby Wards,2013-02-23 11:57:07
5f03fa8bfc13ae0ff9000207,927023749-4,Corrine Demare,2019-07-17 02:36:53
5f03fa8bfc13ae0ff9000208,211205385-X,Maggy Wayman,2015-10-03 18:31:41
5f03fa8bfc13ae0ff9000209,996358214-1,Dee dee Isakowicz,2020-03-27 20:39:26
5f03fa8bfc13ae0ff900020a,371703833-8,Debor Baynon,2019-06-21 04:37:02
5f03fa8bfc13ae0ff900020b,989458086-6,Horacio McCrudden,2013-12-12 09:54:21
5f03fa8bfc13ae0ff900020c,335876304-8,Liz Janks,2016-04-25 20:57:43
5f03fa8bfc13ae0ff900020d,776496485-9,Hymie Helsby,2015-08-26 06:26:38
5f03fa8bfc13ae0ff900020e,631125480-8,Zerk Hellcat,2012-02-09 19:03:00
5f03fa8bfc13ae0ff900020f,357897133-2,Job Gumary,2011-05-13 16:59:47
5f03fa8bfc13ae0ff9000210,742115653-4,Max Andresser,2012-12-29 06:42:49
5f03fa8bfc13ae0ff9000211,834740969-2,Hayden De Lasci,2016-05-26 14:38:03
5f03fa8bfc13ae0ff9000212,586601508-0,Reamonn Couvet,2020-02-22 16:00:04
5f03fa8bfc13ae0ff9000213,482181040-9,Paige Meredyth,2016-02-06 15:20:57
5f03fa8bfc13ae0ff9000214,867664877-8,Kimberli Sharratt,2017-06-03 09:38:26
5f03fa8bfc13ae0ff9000215,268249765-9,Nonie Ballinger,2013-12-31 14:01:51
5f03fa8bfc13ae0ff9000216,632967311-X,Nichols Dibling,2020-01-08 16:54:54
5f03fa8bfc13ae0ff9000217,623362797-4,Brandy Laborde,2015-10-04 07:19:56
5f03fa8bfc13ae0ff9000218,834519800-7,Konrad Derry,2011-09-25 19:48:56
5f03fa8bfc13ae0ff9000219,248193662-0,Jobie Spohr,2016-09-16 14:10:12
5f03fa8bfc13ae0ff900021a,666189742-2,Tedd Vedyaev,2013-05-18 00:04:09
5f03fa8bfc13ae0ff900021b,961099972-7,Cal Scoggins,2014-01-01 08:58:58
5f03fa8bfc13ae0ff900021c,915827017-5,Melantha Steggals,2016-08-13 09:13:32
5f03fa8bfc13ae0ff900021d,277959763-1,Devlen Drain,2014-02-10 18:18:46
5f03fa8bfc13ae0ff900021e,872527246-2,Lilah Gillyatt,2013-08-03 14:01:20
5f03fa8bfc13ae0ff900021f,707989610-X,Annora Ludmann,2011-10-18 18:26:38
5f03fa8bfc13ae0ff9000220,467361614-6,Ki Sonier,2019-08-05 06:36:25
5f03fa8bfc13ae0ff9000221,056845855-9,Addy Capnerhurst,2019-07-07 05:31:04
5f03fa8bfc13ae0ff9000222,637319578-3,Moshe Wagstaffe,2016-09-05 17:46:28
5f03fa8bfc13ae0ff9000223,452145635-9,Idalia Albers,2014-05-29 23:27:09
5f03fa8bfc13ae0ff9000224,985867501-1,Parke Tams,2013-07-20 00:36:49
5f03fa8bfc13ae0ff9000225,542541272-X,Calvin Whittleton,2010-12-24 15:04:29
5f03fa8bfc13ae0ff9000226,344198301-7,Bob Tomlett,2017-12-31 07:12:34
5f03fa8bfc13ae0ff9000227,724370116-7,Moina Goldthorp,2011-04-17 16:23:42
5f03fa8bfc13ae0ff9000228,605985990-9,Ninette Gynne,2019-07-27 03:21:57
5f03fa8bfc13ae0ff9000229,964391654-5,Travers Agastina,2019-12-14 23:49:39
5f03fa8bfc13ae0ff900022a,254125316-8,Martelle Rapsey,2018-07-20 12:17:52
5f03fa8bfc13ae0ff900022b,668540212-1,Waylen Dericut,2012-04-15 20:00:37
5f03fa8cfc13ae0ff900022c,413555197-1,Belia Robottom,2016-01-21 09:00:43
5f03fa8cfc13ae0ff900022d,081346025-5,Alaine Drayn,2019-09-12 14:47:21
5f03fa8cfc13ae0ff900022e,463450366-2,Julissa Bruineman,2016-04-06 15:42:53
5f03fa8cfc13ae0ff900022f,586150667-1,Kathrine Whittet,2012-03-12 07:04:52
5f03fa8cfc13ae0ff9000230,380695159-4,Sashenka Davidescu,2016-07-26 03:34:13
5f03fa8cfc13ae0ff9000231,446113052-5,Al Aikett,2015-11-21 07:25:11
5f03fa8cfc13ae0ff9000232,680098609-7,Kassia Clunie,2018-10-16 01:36:51
5f03fa8cfc13ae0ff9000233,124433964-4,Gennifer Feldberg,2020-04-14 02:41:32
5f03fa8cfc13ae0ff9000234,277670345-7,Brien Hammer,2014-01-02 00:14:47
5f03fa8cfc13ae0ff9000235,558953301-5,Emlynn Rusbridge,2014-05-12 18:20:15
5f03fa8cfc13ae0ff9000236,606966226-1,Benn Ambrosio,2019-10-11 07:00:26
5f03fa8cfc13ae0ff9000237,589768845-1,Janetta Breakey,2013-10-05 14:01:11
5f03fa8cfc13ae0ff9000238,482814926-0,Jemima Thomtson,2012-09-25 13:46:39
5f03fa8cfc13ae0ff9000239,846664449-0,Shawn Hanner,2010-12-28 08:28:19
5f03fa8cfc13ae0ff900023a,395896081-2,Ashton Burvill,2020-05-02 12:35:08
5f03fa8cfc13ae0ff900023b,628468996-9,Matthias Mawby,2018-08-30 04:11:41
5f03fa8cfc13ae0ff900023c,212402129-X,Allys Attarge,2018-10-23 20:19:55
5f03fa8cfc13ae0ff900023d,026374377-2,Brandon Revens,2012-02-11 03:28:47
5f03fa8cfc13ae0ff900023e,233754446-X,Therine Betteridge,2011-07-09 12:06:30
5f03fa8cfc13ae0ff900023f,045486692-5,Marja Armin,2014-11-25 03:54:01
5f03fa8cfc13ae0ff9000240,771644585-5,Tallia Barajaz,2020-01-10 19:51:15
5f03fa8cfc13ae0ff9000241,750636286-4,Rora Fussell,2012-01-11 11:17:22
5f03fa8cfc13ae0ff9000242,897867709-6,Margalo Whisby,2011-03-16 18:46:59
5f03fa8cfc13ae0ff9000243,035845263-5,Rutter Castelyn,2014-05-12 00:48:42
5f03fa8cfc13ae0ff9000244,786515044-X,Kylila Spriggin,2019-05-08 04:21:29
5f03fa8cfc13ae0ff9000245,650942853-9,Aloin Hallet,2011-02-14 05:09:59
5f03fa8cfc13ae0ff9000246,807697509-3,Sherye Geere,2012-04-12 06:09:25
5f03fa8cfc13ae0ff9000247,103322708-0,Sibel Bream,2017-12-16 17:42:49
5f03fa8cfc13ae0ff9000248,388800075-0,Etienne Graalman,2015-09-19 11:50:30
5f03fa8cfc13ae0ff9000249,982716642-5,Thurstan Spataro,2016-09-15 13:38:20
5f03fa8cfc13ae0ff900024a,245447177-9,Javier Brauninger,2017-01-25 03:20:59
5f03fa8cfc13ae0ff900024b,682085632-6,Mersey Kinrade,2018-12-20 17:14:26
5f03fa8cfc13ae0ff900024c,957579512-1,Myrilla Kimbrough,2019-01-02 12:39:26
5f03fa8cfc13ae0ff900024d,953451393-8,Bronny de Guerre,2013-09-21 17:41:50
5f03fa8cfc13ae0ff900024e,892025955-0,Jaquenette Loughlin,2011-11-29 02:50:07
5f03fa8cfc13ae0ff900024f,128161227-8,Lyssa Schulter,2015-03-30 05:45:06
5f03fa8cfc13ae0ff9000250,388981622-3,Tanny Dei,2016-11-28 06:24:46
5f03fa8cfc13ae0ff9000251,480667931-3,Gaby Souley,2017-10-22 07:07:03
5f03fa8cfc13ae0ff9000252,177192584-1,Minnnie Chastan,2014-11-04 18:08:39
5f03fa8cfc13ae0ff9000253,594809223-2,Coleen Arpino,2019-05-05 23:37:05
5f03fa8cfc13ae0ff9000254,752472545-0,Gerianne Ivashev,2012-10-08 22:25:15
5f03fa8cfc13ae0ff9000255,365715855-3,Vanya Marchiso,2018-04-20 21:31:34
5f03fa8cfc13ae0ff9000256,839553476-0,Coleen Poundsford,2014-02-08 22:42:39
5f03fa8cfc13ae0ff9000257,352293240-4,Laurie Lovelady,2016-07-23 22:04:22
5f03fa8cfc13ae0ff9000258,673922263-0,Ker Ellicombe,2015-04-19 23:51:15
5f03fa8cfc13ae0ff9000259,538525595-5,Burch De la Yglesia,2020-02-28 15:10:17
5f03fa8cfc13ae0ff900025a,762582270-2,Lamond Sherville,2018-05-22 04:03:48
5f03fa8cfc13ae0ff900025b,851965175-5,Margie Varnam,2012-03-07 15:42:22
5f03fa8cfc13ae0ff900025c,538964436-0,Maynard Matuszkiewicz,2015-05-22 11:29:06
5f03fa8cfc13ae0ff900025d,536468643-4,Mac Hatchell,2017-01-20 03:13:18
5f03fa8cfc13ae0ff900025e,717696067-4,Valma Muzzi,2014-02-03 10:38:04
5f03fa8cfc13ae0ff900025f,363974655-4,Elinor Skamell,2020-01-21 01:27:25
5f03fa8cfc13ae0ff9000260,883186389-4,Thane Romushkin,2017-12-15 21:58:33
5f03fa8cfc13ae0ff9000261,795765397-9,Page Rosenfield,2017-01-25 00:15:23
5f03fa8cfc13ae0ff9000262,813301205-8,Clarabelle Shevlan,2018-12-18 14:11:47
5f03fa8cfc13ae0ff9000263,418741954-3,Thorn Hazelton,2011-02-27 07:00:22
5f03fa8cfc13ae0ff9000264,600327666-5,Hartley Simnell,2011-04-30 04:30:28
5f03fa8cfc13ae0ff9000265,206034496-4,Prentice Mensler,2020-01-16 14:24:39
5f03fa8cfc13ae0ff9000266,283680927-2,Cathrin Saiens,2015-05-04 08:17:10
5f03fa8cfc13ae0ff9000267,332380122-9,Inness Caisley,2011-09-30 12:12:26
5f03fa8cfc13ae0ff9000268,301572461-4,Catherine Dudbridge,2018-09-14 21:20:00
5f03fa8cfc13ae0ff9000269,925490374-4,Ashely Limmer,2020-04-17 08:22:42
5f03fa8cfc13ae0ff900026a,709593202-6,Meade Evennett,2011-12-29 02:13:23
5f03fa8cfc13ae0ff900026b,139569271-8,Dorree Sleicht,2018-04-24 03:33:04
5f03fa8cfc13ae0ff900026c,582114728-X,Zachary Wiz,2015-04-06 13:01:09
5f03fa8cfc13ae0ff900026d,498936769-3,Tulley Riatt,2018-02-01 18:52:08
5f03fa8cfc13ae0ff900026e,755423216-9,Starlene Boydell,2015-01-21 00:22:17
5f03fa8cfc13ae0ff900026f,443415492-3,Raddie Janousek,2016-03-12 17:40:51
5f03fa8cfc13ae0ff9000270,313525715-0,Frederigo Kleinplac,2019-08-18 01:40:00
5f03fa8cfc13ae0ff9000271,498872554-5,Tannie Gittings,2014-11-09 14:23:36
5f03fa8cfc13ae0ff9000272,511812126-4,Hailee Petri,2017-03-15 20:02:14
5f03fa8cfc13ae0ff9000273,099345428-3,Alexei Pentecost,2018-02-02 13:09:09
5f03fa8cfc13ae0ff9000274,904669988-9,Robers Huddleston,2014-06-27 00:40:06
5f03fa8cfc13ae0ff9000275,681637029-5,Juli Children,2013-04-26 04:02:30
5f03fa8cfc13ae0ff9000276,273038241-0,Modesta Garfirth,2012-04-19 22:58:46
5f03fa8cfc13ae0ff9000277,267602908-8,Izak Gatfield,2011-01-16 18:36:24
5f03fa8cfc13ae0ff9000278,270766747-1,Stanfield Camamill,2019-03-14 15:11:32
5f03fa8cfc13ae0ff9000279,855757949-7,Darrell Isabell,2015-02-19 22:47:06
5f03fa8cfc13ae0ff900027a,082804286-1,Chic Woodard,2018-05-12 02:12:58
5f03fa8cfc13ae0ff900027b,591406784-7,Curtis Dyter,2011-11-21 10:46:13
5f03fa8cfc13ae0ff900027c,676076452-8,Salmon Node,2010-10-06 11:37:57
5f03fa8cfc13ae0ff900027d,021382757-3,Wye Cosgrive,2011-07-31 23:55:49
5f03fa8cfc13ae0ff900027e,375923950-1,Edouard Markl,2019-09-23 17:54:06
5f03fa8cfc13ae0ff900027f,802398233-8,Virge Fright,2013-04-14 03:16:12
5f03fa8cfc13ae0ff9000280,816601565-X,Wittie Conford,2016-07-22 00:45:46
5f03fa8cfc13ae0ff9000281,364335273-5,Cati Diche,2019-04-05 15:30:25
5f03fa8cfc13ae0ff9000282,589489771-8,Grant Pickavant,2017-04-19 13:18:12
5f03fa8cfc13ae0ff9000283,107944227-8,Esther Lotherington,2020-02-24 05:23:42
5f03fa8cfc13ae0ff9000284,056273390-6,Jedediah Stonehewer,2018-10-12 18:28:12
5f03fa8cfc13ae0ff9000285,752730869-9,Brunhilde Halwell,2013-11-12 23:11:17
5f03fa8cfc13ae0ff9000286,775324010-2,Butch Giraudo,2018-04-24 03:48:23
5f03fa8cfc13ae0ff9000287,621654911-1,Ellsworth MacFadyen,2018-12-25 02:22:06
5f03fa8cfc13ae0ff9000288,152937364-6,Manfred Canadas,2018-12-19 01:55:43
5f03fa8cfc13ae0ff9000289,805860136-5,Pace Jiricka,2011-02-21 08:55:39
5f03fa8cfc13ae0ff900028a,622412761-1,Carmine Sola,2013-02-05 03:02:29
5f03fa8cfc13ae0ff900028b,383057388-X,Dulciana Gething,2018-11-01 08:47:54
5f03fa8cfc13ae0ff900028c,043970651-3,Meaghan Bradock,2011-02-13 19:03:49
5f03fa8cfc13ae0ff900028d,329692508-2,Pavla Souster,2013-06-18 13:20:56
5f03fa8cfc13ae0ff900028e,683312708-5,Sidoney Roston,2013-10-06 13:20:52
5f03fa8cfc13ae0ff900028f,297411054-1,Moshe Seel,2016-07-10 02:54:08
5f03fa8cfc13ae0ff9000290,704902283-7,Britt Haxell,2013-11-04 01:37:04
5f03fa8cfc13ae0ff9000291,203966079-8,Nicky Borsnall,2012-06-21 05:30:42
5f03fa8cfc13ae0ff9000292,728249227-1,Josias Petrillo,2019-10-15 17:17:44
5f03fa8cfc13ae0ff9000293,644254619-5,Kristopher Noli,2014-05-13 13:19:41
5f03fa8cfc13ae0ff9000294,063401948-1,Nolan Andrzejewski,2014-02-04 14:40:02
5f03fa8cfc13ae0ff9000295,060547609-8,Darrick Cocke,2013-12-12 00:57:44
5f03fa8cfc13ae0ff9000296,470861871-9,Alvie Schriren,2016-08-19 08:10:26
5f03fa8cfc13ae0ff9000297,606123466-X,Spence Kirkebye,2016-02-12 19:30:47
5f03fa8cfc13ae0ff9000298,830032276-0,Dennie De Wolfe,2011-03-12 02:00:37
5f03fa8cfc13ae0ff9000299,260998275-5,Dale Caddan,2017-09-16 22:21:25
5f03fa8cfc13ae0ff900029a,953790632-9,Reynolds Perschke,2014-09-02 07:00:35
5f03fa8cfc13ae0ff900029b,895486748-0,Laney Stanmer,2016-07-10 09:01:56
5f03fa8cfc13ae0ff900029c,147458374-1,Kaycee Bernholt,2017-10-02 21:37:53
5f03fa8cfc13ae0ff900029d,316679550-2,Vincenz Skarr,2014-09-08 23:31:45
5f03fa8cfc13ae0ff900029e,328770075-8,Goldia Goulbourne,2011-02-16 12:46:41
5f03fa8cfc13ae0ff900029f,108769585-6,Cyndia MacDermid,2011-04-26 10:07:59
5f03fa8cfc13ae0ff90002a0,100637958-4,Flory Branigan,2016-07-13 08:13:38
5f03fa8cfc13ae0ff90002a1,026712862-2,Frants Minogue,2015-06-21 21:56:53
5f03fa8cfc13ae0ff90002a2,806876813-0,Kerr Stabbins,2016-10-03 21:58:36
5f03fa8cfc13ae0ff90002a3,444788794-0,Coralie Akram,2013-08-27 07:14:51
5f03fa8cfc13ae0ff90002a4,440782114-0,Arvy McNuff,2012-07-10 23:55:07
5f03fa8cfc13ae0ff90002a5,432644226-3,Jsandye Killbey,2017-08-01 16:22:46
5f03fa8cfc13ae0ff90002a6,537589149-2,Roxine Miettinen,2020-04-30 19:37:26
5f03fa8cfc13ae0ff90002a7,793304903-6,Minta Scargill,2020-06-23 20:15:29
5f03fa8cfc13ae0ff90002a8,583944503-7,Eustacia Delamaine,2018-06-10 06:36:34
5f03fa8cfc13ae0ff90002a9,851959089-6,Rutherford Claricoates,2011-02-26 06:07:37
5f03fa8cfc13ae0ff90002aa,996717357-2,Vivie Elphinston,2019-01-05 02:31:43
5f03fa8cfc13ae0ff90002ab,121516604-4,Murry Denyakin,2011-01-12 19:13:45
5f03fa8cfc13ae0ff90002ac,931714580-9,Manda Skeggs,2017-12-25 19:15:43
5f03fa8cfc13ae0ff90002ad,489966048-0,Sigfrid L'Homme,2017-11-19 02:21:31
5f03fa8cfc13ae0ff90002ae,925014093-2,Timothea Venard,2016-02-07 05:53:24
5f03fa8cfc13ae0ff90002af,476588332-9,Babette Franzel,2017-04-21 15:51:19
5f03fa8cfc13ae0ff90002b0,445862333-8,Sim Wedderburn,2016-08-25 00:54:27
5f03fa8cfc13ae0ff90002b1,477300851-2,Rurik Pindred,2015-03-18 06:13:23
5f03fa8cfc13ae0ff90002b2,684276157-3,Robinet Waterworth,2013-05-14 07:44:37
5f03fa8cfc13ae0ff90002b3,046651593-6,Bail Bedward,2015-07-30 22:20:27
5f03fa8cfc13ae0ff90002b4,548402945-7,De Burston,2013-03-26 10:35:58
5f03fa8cfc13ae0ff90002b5,155396623-6,Corie Sinisbury,2019-02-16 20:39:53
5f03fa8cfc13ae0ff90002b6,745161034-9,Zackariah Amey,2011-01-07 15:26:19
5f03fa8cfc13ae0ff90002b7,172234971-9,Rosalinde Chisolm,2012-10-14 05:26:55
5f03fa8cfc13ae0ff90002b8,012044740-1,Silva Letts,2010-08-01 07:15:53
5f03fa8cfc13ae0ff90002b9,347162765-0,Dela Treacher,2019-05-16 16:14:31
5f03fa8cfc13ae0ff90002ba,619342571-3,Oates Kiddy,2011-03-02 20:45:09
5f03fa8cfc13ae0ff90002bb,275460205-4,Willey Ivanchenkov,2016-01-20 15:54:13
5f03fa8cfc13ae0ff90002bc,852017052-8,Glad Kipping,2017-08-23 17:51:21
5f03fa8cfc13ae0ff90002bd,244057887-8,Sarene Rozea,2016-05-04 20:28:38
5f03fa8cfc13ae0ff90002be,808931197-0,Paige Perritt,2017-11-06 00:24:54
5f03fa8cfc13ae0ff90002bf,328127319-X,Sybille Tyson,2016-04-25 03:45:31
5f03fa8cfc13ae0ff90002c0,003412354-7,Lyndsay Elphinstone,2011-08-31 21:44:39
5f03fa8cfc13ae0ff90002c1,879652605-X,Dew Larrosa,2014-06-09 00:46:43
5f03fa8cfc13ae0ff90002c2,581330653-6,Hollis Eyeington,2018-03-25 02:31:28
5f03fa8cfc13ae0ff90002c3,145853653-X,Vida Patrickson,2016-07-18 05:15:46
5f03fa8cfc13ae0ff90002c4,396935355-6,Tine Landy,2020-01-08 03:30:02
5f03fa8cfc13ae0ff90002c5,877761920-X,Chiarra Colquite,2015-02-27 00:39:25
5f03fa8cfc13ae0ff90002c6,082330776-X,Jacklin Pattington,2012-08-08 19:28:33
5f03fa8cfc13ae0ff90002c7,829963712-0,Maybelle Sharvill,2012-01-01 02:55:14
5f03fa8cfc13ae0ff90002c8,640854577-7,Claudian Borkin,2017-10-20 12:09:47
5f03fa8cfc13ae0ff90002c9,356583241-X,Sara Southward,2011-09-05 16:54:03
5f03fa8cfc13ae0ff90002ca,809227345-6,Armando Bonnefin,2019-08-08 13:04:50
5f03fa8cfc13ae0ff90002cb,036461720-9,Adena Filby,2017-10-02 12:57:50
5f03fa8cfc13ae0ff90002cc,204718266-2,Etty Niave,2016-10-19 13:55:39
5f03fa8cfc13ae0ff90002cd,948138129-3,Thor Reed,2012-06-21 10:06:14
5f03fa8cfc13ae0ff90002ce,800503456-3,Sandy Fitzackerley,2018-06-10 08:51:51
5f03fa8cfc13ae0ff90002cf,303178405-7,Jacklin Schwander,2011-03-26 13:45:32
5f03fa8cfc13ae0ff90002d0,773780503-6,Marshal Tarbert,2014-11-09 18:13:34
5f03fa8cfc13ae0ff90002d1,923959302-0,Elfreda Wilbor,2019-09-24 01:44:17
5f03fa8cfc13ae0ff90002d2,904086765-8,Gwyneth Reijmers,2017-02-04 09:21:12
5f03fa8cfc13ae0ff90002d3,585113800-9,Addie Kitchenside,2014-12-05 05:39:08
5f03fa8cfc13ae0ff90002d4,621546418-X,Ebonee Knowlton,2017-02-05 10:36:49
5f03fa8cfc13ae0ff90002d5,634808043-9,Fanni Naismith,2018-06-06 11:39:21
5f03fa8cfc13ae0ff90002d6,711906250-6,Andras Alcott,2011-02-24 09:09:10
5f03fa8cfc13ae0ff90002d7,221869678-9,Idaline MacGaughie,2018-09-13 21:44:33
5f03fa8cfc13ae0ff90002d8,863644773-9,Lowell Bickersteth,2015-07-11 17:42:32
5f03fa8cfc13ae0ff90002d9,195096402-7,Jolynn Mollitt,2014-06-06 19:40:15
5f03fa8cfc13ae0ff90002da,872131363-6,Louisette McHenry,2017-08-05 00:23:15
5f03fa8cfc13ae0ff90002db,738378646-7,Carena Rozanski,2015-09-28 11:00:30
5f03fa8cfc13ae0ff90002dc,136667715-3,Korrie Spindler,2018-05-08 05:37:38
5f03fa8cfc13ae0ff90002dd,347908184-3,Marja Hannon,2011-10-22 13:39:59
5f03fa8cfc13ae0ff90002de,038969574-2,Margarethe Dunston,2012-09-30 02:36:11
5f03fa8cfc13ae0ff90002df,449127532-7,Harmonia Bedson,2017-04-29 02:32:34
5f03fa8cfc13ae0ff90002e0,080984253-X,Gran Dundon,2011-05-17 15:08:45
5f03fa8cfc13ae0ff90002e1,492667359-2,Patrice Urpeth,2014-06-17 17:41:30
5f03fa8cfc13ae0ff90002e2,289715824-7,Leonhard Abbie,2011-05-10 06:05:34
5f03fa8cfc13ae0ff90002e3,419673569-X,Penelopa Haquin,2014-02-02 07:56:19
5f03fa8cfc13ae0ff90002e4,065671990-7,Vally Picard,2012-12-25 16:57:56
5f03fa8cfc13ae0ff90002e5,746923200-1,Merline Orcas,2016-10-16 13:35:45
5f03fa8cfc13ae0ff90002e6,056425122-4,Camella O'Cannan,2016-01-20 20:02:03
5f03fa8cfc13ae0ff90002e7,508203718-8,Leann Exroll,2011-09-10 17:27:37
5f03fa8cfc13ae0ff90002e8,326816591-5,Clareta Djurevic,2016-10-14 04:01:07
5f03fa8cfc13ae0ff90002e9,153301343-8,Annabela Maidment,2017-05-29 03:32:51
5f03fa8cfc13ae0ff90002ea,499281889-7,Cobby Bartalot,2016-02-26 15:19:20
5f03fa8cfc13ae0ff90002eb,527008380-9,Trey Grinstead,2011-11-25 07:56:16
5f03fa8cfc13ae0ff90002ec,380061505-3,Nickolaus Ginty,2011-02-14 13:59:56
5f03fa8cfc13ae0ff90002ed,339874193-2,Lucille Wilson,2010-12-28 00:39:26
5f03fa8cfc13ae0ff90002ee,032248273-9,Agosto Palombi,2010-11-26 05:56:20
5f03fa8cfc13ae0ff90002ef,702166821-X,Rufus Dun,2013-12-07 13:06:30
5f03fa8cfc13ae0ff90002f0,356667793-0,Craggy Boater,2016-10-27 17:29:39
5f03fa8cfc13ae0ff90002f1,633022789-6,Paddie Ciccottini,2017-03-20 20:03:14
5f03fa8cfc13ae0ff90002f2,007563504-6,Larisa Orys,2010-11-28 05:02:10
5f03fa8cfc13ae0ff90002f3,939455955-8,Engracia Rabb,2019-05-26 12:34:53
5f03fa8cfc13ae0ff90002f4,837464307-2,Gwyneth Abley,2016-08-22 09:47:35
5f03fa8cfc13ae0ff90002f5,956383621-9,Daffy Corkan,2018-07-20 11:25:05
5f03fa8cfc13ae0ff90002f6,506714672-9,Pattin Belcham,2020-05-18 18:30:28
5f03fa8cfc13ae0ff90002f7,046119969-6,Aigneis McKniely,2019-10-16 07:37:43
5f03fa8cfc13ae0ff90002f8,594875732-3,Jacques Farlow,2019-11-22 05:13:06
5f03fa8cfc13ae0ff90002f9,603738720-6,Patten Orsman,2010-09-30 22:48:22
5f03fa8cfc13ae0ff90002fa,563613763-X,Morganica Grog,2012-02-24 16:29:44
5f03fa8cfc13ae0ff90002fb,049885614-3,Florry Grigoroni,2016-11-06 16:37:05
5f03fa8cfc13ae0ff90002fc,629785308-8,Tymon Crebo,2019-02-01 05:01:11
5f03fa8cfc13ae0ff90002fd,840884450-4,Rochette Kirk,2017-12-08 13:41:56
5f03fa8cfc13ae0ff90002fe,085425528-1,Carine McFarlane,2017-07-11 03:43:09
5f03fa8cfc13ae0ff90002ff,408556422-6,Emmy Stollenberg,2013-05-20 02:25:29
5f03fa8cfc13ae0ff9000300,278889601-8,Chrystel Oxnam,2019-08-30 01:01:11
5f03fa8cfc13ae0ff9000301,794635870-9,Batholomew Saiger,2010-08-23 04:12:07
5f03fa8cfc13ae0ff9000302,275163824-4,Dulsea Crysell,2011-06-09 11:12:11
5f03fa8cfc13ae0ff9000303,573498593-7,Nicoline Tock,2017-08-24 08:00:50
5f03fa8cfc13ae0ff9000304,738996879-6,Merci Tamsett,2016-07-18 21:33:58
5f03fa8cfc13ae0ff9000305,823676836-8,Valaree Furneaux,2011-06-14 13:54:24
5f03fa8cfc13ae0ff9000306,211879747-8,Guilbert Canham,2018-01-08 23:04:28
5f03fa8cfc13ae0ff9000307,095447796-0,Othilia Fragino,2013-10-05 13:43:42
5f03fa8cfc13ae0ff9000308,758722241-3,Vittoria Starr,2010-07-22 06:41:27
5f03fa8cfc13ae0ff9000309,941935855-0,Audra Keelinge,2018-07-30 09:40:11
5f03fa8cfc13ae0ff900030a,963682888-1,Guinna Yallowley,2013-05-17 11:55:30
5f03fa8cfc13ae0ff900030b,286383832-6,Chilton Medling,2019-01-08 11:20:27
5f03fa8cfc13ae0ff900030c,076197840-2,Carlo Grunwald,2011-08-10 18:25:03
5f03fa8cfc13ae0ff900030d,457212614-3,Peyter Minihane,2011-05-30 22:26:20
5f03fa8cfc13ae0ff900030e,410527726-X,Maridel Peschet,2017-08-30 15:12:03
5f03fa8cfc13ae0ff900030f,465801903-5,Shari Stanlike,2012-03-28 21:43:21
5f03fa8cfc13ae0ff9000310,341222069-8,Shandeigh Barus,2013-02-09 22:18:14
5f03fa8cfc13ae0ff9000311,042276849-9,Judith Brickdale,2017-11-03 08:00:10
5f03fa8cfc13ae0ff9000312,535921164-4,Wylie Runcie,2013-09-02 09:54:51
5f03fa8cfc13ae0ff9000313,179419619-6,Dedra Pettegree,2012-05-24 19:17:57
5f03fa8cfc13ae0ff9000314,958295711-5,Cletis Le Noire,2015-09-21 10:27:09
5f03fa8cfc13ae0ff9000315,518899543-3,Leia Simukov,2015-01-03 07:05:09
5f03fa8cfc13ae0ff9000316,930441386-9,Calida Linbohm,2016-05-01 06:24:12
5f03fa8cfc13ae0ff9000317,735647329-1,Murvyn Murty,2018-09-26 23:59:29
5f03fa8cfc13ae0ff9000318,128584141-7,Collin Crowd,2013-07-28 00:06:25
5f03fa8cfc13ae0ff9000319,591032050-5,Lilia Hussey,2018-12-09 07:07:02
5f03fa8cfc13ae0ff900031a,505563223-2,Devi Seage,2012-08-05 16:11:55
5f03fa8cfc13ae0ff900031b,802303083-3,Jacobo Janusz,2013-12-15 21:26:30
5f03fa8cfc13ae0ff900031c,796466607-X,Gratia Dodimead,2016-06-13 20:24:14
5f03fa8cfc13ae0ff900031d,454121120-3,Ase Bould,2011-12-09 06:19:55
5f03fa8cfc13ae0ff900031e,520115710-6,Melonie Parrington,2013-08-10 14:59:24
5f03fa8cfc13ae0ff900031f,926057111-1,Carolan Dugood,2013-02-12 16:01:05
5f03fa8cfc13ae0ff9000320,718254678-7,Deeann Hankard,2020-05-18 05:05:41
5f03fa8cfc13ae0ff9000321,051250849-6,Rahel Phython,2013-09-22 11:07:08
5f03fa8cfc13ae0ff9000322,128858321-4,Andrej Merigot,2019-11-03 08:13:08
5f03fa8cfc13ae0ff9000323,673106602-8,Juli Turnock,2015-01-25 16:20:36
5f03fa8cfc13ae0ff9000324,069136260-2,Bennett Kilminster,2011-11-28 18:17:06
5f03fa8cfc13ae0ff9000325,579127678-8,Britteny O'Breen,2013-09-23 15:53:37
5f03fa8cfc13ae0ff9000326,689856987-2,Wendel Sproule,2011-07-12 15:58:23
5f03fa8cfc13ae0ff9000327,366245771-7,Stephanus Matzke,2014-06-21 14:40:58
5f03fa8cfc13ae0ff9000328,978761773-1,Frederico Laviss,2014-02-11 11:51:30
5f03fa8cfc13ae0ff9000329,386949107-8,Thornie Edgars,2018-05-25 07:45:01
5f03fa8cfc13ae0ff900032a,968055267-5,Walton Ambrogi,2013-07-12 14:24:28
5f03fa8cfc13ae0ff900032b,341173110-9,Elias Orneles,2011-11-28 14:44:02
5f03fa8cfc13ae0ff900032c,025275768-8,Lisette Diament,2020-04-18 11:13:05
5f03fa8cfc13ae0ff900032d,223333842-1,Joey Du Fray,2015-12-05 12:21:08
5f03fa8cfc13ae0ff900032e,070770740-4,Cleon Hargitt,2015-07-26 08:11:20
5f03fa8cfc13ae0ff900032f,859206285-3,Myrtie Moody,2018-03-19 23:31:55
5f03fa8cfc13ae0ff9000330,924404841-8,Kile Lissett,2011-01-06 06:52:06
5f03fa8cfc13ae0ff9000331,039299768-1,Louisette Pattlel,2018-06-11 07:04:16
5f03fa8cfc13ae0ff9000332,405595996-6,Hayley Kingscote,2015-01-18 20:19:33
5f03fa8cfc13ae0ff9000333,111034636-0,Diannne Phythian,2014-02-10 00:31:09
5f03fa8cfc13ae0ff9000334,005932165-2,Arne Summerlie,2014-04-30 17:57:32
5f03fa8cfc13ae0ff9000335,241650817-2,Patti Strode,2018-12-14 05:03:31
5f03fa8cfc13ae0ff9000336,861755278-6,Conant Culham,2018-06-05 04:09:37
5f03fa8cfc13ae0ff9000337,980557542-X,Atlante Paty,2019-11-09 07:33:58
5f03fa8cfc13ae0ff9000338,864369280-8,Lydie Bratty,2012-10-03 17:40:23
5f03fa8cfc13ae0ff9000339,215883708-X,Milicent Baff,2017-02-24 10:56:14
5f03fa8cfc13ae0ff900033a,404721427-2,Gretal Leggett,2013-07-12 03:25:50
5f03fa8cfc13ae0ff900033b,750714230-2,Talbert Outhwaite,2019-12-25 12:29:29
5f03fa8cfc13ae0ff900033c,707860693-0,Luciana Trapp,2012-02-14 00:33:31
5f03fa8cfc13ae0ff900033d,967649563-8,Aland Wrankmore,2011-12-18 21:17:00
5f03fa8cfc13ae0ff900033e,849121238-8,Renaldo Mattea,2011-04-02 06:30:07
5f03fa8cfc13ae0ff900033f,243700112-3,Jeremy Gerrad,2016-08-29 22:46:18
5f03fa8cfc13ae0ff9000340,250984248-X,Rosalia Valenti,2011-08-13 02:59:52
5f03fa8cfc13ae0ff9000341,777950142-6,Jennette Hampstead,2013-02-15 20:57:31
5f03fa8cfc13ae0ff9000342,969919303-4,Bat Camelia,2015-05-12 01:04:30
5f03fa8cfc13ae0ff9000343,617587259-2,Clarette Curman,2017-01-31 08:58:54
5f03fa8cfc13ae0ff9000344,944776026-0,Gwen Goodlake,2015-11-01 16:59:14
5f03fa8cfc13ae0ff9000345,778059285-5,Libbey Glanders,2014-07-25 21:58:04
5f03fa8cfc13ae0ff9000346,697090018-5,Hernando Serjeantson,2015-08-22 01:37:56
5f03fa8cfc13ae0ff9000347,111614808-0,Corrie Dobie,2017-02-10 00:39:00
5f03fa8cfc13ae0ff9000348,446984460-8,Joye Colliard,2017-12-21 11:58:15
5f03fa8cfc13ae0ff9000349,821305192-0,Beverley Gheraldi,2013-12-24 04:39:41
5f03fa8cfc13ae0ff900034a,775232455-8,Johanna Wadworth,2011-06-17 22:57:19
5f03fa8cfc13ae0ff900034b,733653540-2,Geoff Salmoni,2011-10-26 23:45:15
5f03fa8cfc13ae0ff900034c,084392702-X,Darla Spiniello,2012-07-15 18:13:00
5f03fa8cfc13ae0ff900034d,629244948-3,Mohandas Gullis,2016-02-11 02:48:46
5f03fa8cfc13ae0ff900034e,195203649-6,Otho Tremelling,2013-08-15 18:32:29
5f03fa8cfc13ae0ff900034f,757797804-3,Jaye Bosanko,2014-01-06 08:25:30
5f03fa8cfc13ae0ff9000350,290693770-3,Brade Sedgeworth,2013-06-29 15:17:37
5f03fa8cfc13ae0ff9000351,329005162-5,Tedra O'Cosgra,2017-11-02 17:17:59
5f03fa8cfc13ae0ff9000352,362897197-7,Jesse McIlvenna,2015-01-24 03:42:52
5f03fa8cfc13ae0ff9000353,042106530-3,Gerik Acreman,2011-01-24 22:44:23
5f03fa8cfc13ae0ff9000354,873638444-5,Herbert Sabbins,2011-11-02 19:27:09
5f03fa8cfc13ae0ff9000355,301815037-6,Debbi Wimbury,2014-08-30 10:45:10
5f03fa8cfc13ae0ff9000356,271293560-8,Bertie Doody,2015-03-17 19:26:02
5f03fa8cfc13ae0ff9000357,197798651-X,Datha Cunah,2012-12-31 03:20:02
5f03fa8cfc13ae0ff9000358,386207795-0,Moishe Cleyne,2018-05-07 07:50:37
5f03fa8cfc13ae0ff9000359,333791624-4,Derwin Othen,2017-03-03 08:21:19
5f03fa8cfc13ae0ff900035a,930813230-9,Lester Werny,2018-03-03 22:33:27
5f03fa8cfc13ae0ff900035b,629148294-0,Jordanna Hakewell,2018-09-07 23:22:15
5f03fa8cfc13ae0ff900035c,473202149-2,Fairfax Boles,2016-05-05 02:18:05
5f03fa8cfc13ae0ff900035d,103493218-7,Daniel Cashell,2012-03-31 22:02:07
5f03fa8cfc13ae0ff900035e,846103412-0,Belita Powlesland,2012-05-21 21:52:54
5f03fa8cfc13ae0ff900035f,409774617-0,Pattie Dymick,2014-05-20 11:48:22
5f03fa8cfc13ae0ff9000360,574243284-4,Ennis Adrain,2015-07-29 18:57:00
5f03fa8cfc13ae0ff9000361,427552943-X,Lorettalorna Crippill,2020-02-07 10:38:40
5f03fa8cfc13ae0ff9000362,751227678-8,Emelina Message,2013-10-23 10:28:59
5f03fa8cfc13ae0ff9000363,096755512-4,Hugibert Speaks,2017-01-27 20:03:56
5f03fa8cfc13ae0ff9000364,948801416-4,Elinore Goaley,2018-06-20 11:27:30
5f03fa8cfc13ae0ff9000365,162582519-6,Durward Smeed,2011-08-14 22:58:32
5f03fa8cfc13ae0ff9000366,376224316-6,Sarita Ransom,2020-05-07 21:10:53
5f03fa8cfc13ae0ff9000367,359381082-4,Tera Ibbott,2013-06-29 09:25:42
5f03fa8cfc13ae0ff9000368,408085600-8,Kaleena Haliday,2014-03-10 01:28:26
5f03fa8cfc13ae0ff9000369,354147839-X,Rice Coleford,2017-02-26 19:21:25
5f03fa8cfc13ae0ff900036a,742418907-7,Clint Revelle,2016-01-22 14:23:33
5f03fa8cfc13ae0ff900036b,251743461-1,Skyler Golt,2016-01-26 04:40:49
5f03fa8cfc13ae0ff900036c,665313588-8,Mirabelle Shenfisch,2016-06-06 15:41:39
5f03fa8cfc13ae0ff900036d,129438628-X,Emmanuel Jukubczak,2017-08-29 11:05:15
5f03fa8cfc13ae0ff900036e,791040717-3,Joann Hachette,2013-02-03 00:15:56
5f03fa8cfc13ae0ff900036f,579115609-X,Ana Way,2016-01-18 23:44:19
5f03fa8cfc13ae0ff9000370,276347149-8,Alick Mainz,2019-09-27 04:19:30
5f03fa8cfc13ae0ff9000371,087861690-X,Elbertina Heavens,2013-01-07 06:26:42
5f03fa8cfc13ae0ff9000372,442880235-8,Mathe Stidever,2011-10-13 22:06:36
5f03fa8cfc13ae0ff9000373,196612887-8,Kathye Britnell,2011-02-03 22:29:24
5f03fa8cfc13ae0ff9000374,132855337-X,Hertha Figures,2018-07-22 02:05:57
5f03fa8cfc13ae0ff9000375,662315770-0,Sonia Shall,2020-06-13 05:22:54
5f03fa8cfc13ae0ff9000376,882548494-1,Vivianne Fancutt,2015-06-04 03:19:33
5f03fa8cfc13ae0ff9000377,342079902-0,Cynthia Bernakiewicz,2014-01-23 17:30:47
5f03fa8cfc13ae0ff9000378,967394014-2,Sharity Gilding,2017-11-30 16:17:07
5f03fa8cfc13ae0ff9000379,198958023-8,Tamara Winfrey,2012-08-04 03:31:56
5f03fa8cfc13ae0ff900037a,937382572-0,Reagan Prince,2011-06-11 02:00:04
5f03fa8cfc13ae0ff900037b,903383979-2,Merry Pierson,2018-05-09 10:58:39
5f03fa8cfc13ae0ff900037c,312396931-2,Antin Heggison,2018-11-11 03:07:15
5f03fa8cfc13ae0ff900037d,592915941-6,Jacinta Sarge,2019-10-21 11:22:50
5f03fa8cfc13ae0ff900037e,723662599-X,Remy Hewell,2011-02-07 01:21:57
5f03fa8cfc13ae0ff900037f,780639958-5,Tulley Hadleigh,2018-09-26 19:43:27
5f03fa8cfc13ae0ff9000380,934488986-4,Jessie Gethouse,2015-07-29 02:07:11
5f03fa8cfc13ae0ff9000381,355917324-8,Evy Finding,2013-11-13 21:14:54
5f03fa8cfc13ae0ff9000382,853394200-1,Yance Atcheson,2017-11-10 02:07:08
5f03fa8cfc13ae0ff9000383,280627071-5,Normy Stratten,2017-06-06 00:33:35
5f03fa8cfc13ae0ff9000384,976512917-3,Dulcine Cuxson,2017-01-14 02:24:00
5f03fa8cfc13ae0ff9000385,655281269-8,Lauren Adan,2010-12-28 03:59:44
5f03fa8cfc13ae0ff9000386,795186116-2,Eduardo Sponer,2012-02-06 17:54:25
5f03fa8cfc13ae0ff9000387,894312625-5,Gale Fairebrother,2020-07-05 01:28:34
5f03fa8cfc13ae0ff9000388,882677951-1,Stacey Measen,2017-12-10 10:24:55
5f03fa8cfc13ae0ff9000389,871270613-2,Annamaria Culmer,2011-07-19 16:44:12
5f03fa8cfc13ae0ff900038a,737642087-8,Wandie Aubery,2012-01-23 10:34:45
5f03fa8cfc13ae0ff900038b,651841932-6,Hubie O'Teague,2018-06-24 03:45:05
5f03fa8cfc13ae0ff900038c,793851630-9,Ashlen Manz,2018-06-07 16:04:20
5f03fa8cfc13ae0ff900038d,365818516-3,Ekaterina Leishman,2010-12-15 14:47:09
5f03fa8cfc13ae0ff900038e,927026849-7,Ingunna Olohan,2017-02-24 09:06:14
5f03fa8cfc13ae0ff900038f,746294073-6,Elyse Tunnick,2018-01-31 15:50:55
5f03fa8cfc13ae0ff9000390,106791720-9,Lilian Varley,2012-08-29 05:02:19
5f03fa8cfc13ae0ff9000391,421380758-4,Morgan Ciobotaru,2014-04-20 01:13:55
5f03fa8cfc13ae0ff9000392,707014705-8,Lorri Castilljo,2015-11-05 12:19:07
5f03fa8cfc13ae0ff9000393,824155945-3,Yvette Rosbrough,2015-11-15 08:16:31
5f03fa8cfc13ae0ff9000394,702751267-X,Wildon Bartholin,2014-11-23 02:31:18
5f03fa8cfc13ae0ff9000395,887143153-7,Fiona Saffin,2019-07-31 00:50:34
5f03fa8cfc13ae0ff9000396,995398653-3,Elmira Rouff,2013-02-06 13:29:58
5f03fa8cfc13ae0ff9000397,772872195-X,Anselma Harnes,2016-01-05 15:55:21
5f03fa8cfc13ae0ff9000398,318008264-X,Mischa Ballay,2014-02-14 09:22:21
5f03fa8cfc13ae0ff9000399,508296903-X,Jordon Castledine,2010-11-06 16:50:50
5f03fa8cfc13ae0ff900039a,750087384-0,Conrado Fallawe,2016-09-24 17:18:52
5f03fa8cfc13ae0ff900039b,023994191-8,Yard Bourner,2010-09-15 23:12:05
5f03fa8cfc13ae0ff900039c,763526300-5,Paquito Rhubottom,2012-10-18 19:55:42
5f03fa8cfc13ae0ff900039d,011204704-1,Virginia Rotchell,2020-01-06 05:45:00
5f03fa8cfc13ae0ff900039e,353211772-X,Julietta Coggings,2015-07-26 14:57:44
5f03fa8cfc13ae0ff900039f,502509832-7,Nikolai Gosalvez,2019-08-15 19:08:13
5f03fa8cfc13ae0ff90003a0,798020351-8,Jerri Moore,2014-04-06 06:11:00
5f03fa8cfc13ae0ff90003a1,311508297-5,Willem Mewes,2015-06-07 09:39:26
5f03fa8cfc13ae0ff90003a2,391411174-7,Delinda Sambals,2017-08-16 20:17:01
5f03fa8cfc13ae0ff90003a3,360290247-1,Darb Dyter,2016-02-01 21:43:35
5f03fa8cfc13ae0ff90003a4,157563248-9,Anna-maria Sweatland,2017-08-17 01:47:17
5f03fa8cfc13ae0ff90003a5,265536470-8,Berty Kirwood,2015-09-06 20:27:38
5f03fa8cfc13ae0ff90003a6,628829997-9,Bancroft Alp,2016-04-23 00:27:33
5f03fa8cfc13ae0ff90003a7,456076123-X,Hazlett Parmby,2014-07-17 16:41:10
5f03fa8cfc13ae0ff90003a8,492293709-9,Errick Gledhill,2016-08-14 21:31:26
5f03fa8cfc13ae0ff90003a9,403353130-0,Jilly Curtayne,2015-10-02 06:26:58
5f03fa8cfc13ae0ff90003aa,231704243-4,Moyna Propper,2013-12-08 22:44:45
5f03fa8cfc13ae0ff90003ab,835078463-6,Cello Smeeth,2018-08-16 17:20:30
5f03fa8cfc13ae0ff90003ac,215880311-8,Fabe Lotte,2010-08-10 05:56:53
5f03fa8cfc13ae0ff90003ad,573955353-9,Marcelo Campelli,2017-04-24 22:16:00
5f03fa8cfc13ae0ff90003ae,520496444-4,Barnebas Rabidge,2018-02-27 12:31:22
5f03fa8cfc13ae0ff90003af,107844368-8,Curtice Charker,2012-05-11 08:14:08
5f03fa8cfc13ae0ff90003b0,648936570-7,Jany Dackombe,2011-11-02 13:37:46
5f03fa8cfc13ae0ff90003b1,991532777-3,Quinn Gaddes,2018-02-18 08:48:45
5f03fa8cfc13ae0ff90003b2,557557493-8,Johan Kristoffersson,2019-06-18 00:10:50
5f03fa8cfc13ae0ff90003b3,050805887-2,Felicio Buscombe,2011-11-23 22:52:37
5f03fa8cfc13ae0ff90003b4,196337852-0,Kaitlin Parkins,2010-12-03 23:59:26
5f03fa8cfc13ae0ff90003b5,642001100-0,Burt Hearmon,2015-02-12 14:39:09
5f03fa8cfc13ae0ff90003b6,926167330-9,Cindi Maxwaile,2011-01-21 01:26:03
5f03fa8cfc13ae0ff90003b7,320576618-0,Armando Leggis,2010-10-12 13:34:06
5f03fa8cfc13ae0ff90003b8,153859548-6,Harmony Gleadhall,2018-06-23 17:00:18
5f03fa8cfc13ae0ff90003b9,864552194-6,Janot Cragg,2017-04-30 11:55:38
5f03fa8cfc13ae0ff90003ba,177131952-6,Honoria Wayman,2014-03-29 16:54:56
5f03fa8cfc13ae0ff90003bb,483618882-2,Aldwin Brydell,2016-01-22 19:54:57
5f03fa8cfc13ae0ff90003bc,760464432-5,Colin Bracey,2017-09-01 06:54:59
5f03fa8cfc13ae0ff90003bd,244824287-9,Ashla Leagas,2016-10-13 12:32:20
5f03fa8cfc13ae0ff90003be,037660640-1,Correna Cockran,2019-08-05 02:19:33
5f03fa8cfc13ae0ff90003bf,367991942-5,Tuesday Cammocke,2011-08-09 16:20:25
5f03fa8cfc13ae0ff90003c0,320822925-9,Gwendolyn Ccomini,2013-12-08 12:40:16
5f03fa8cfc13ae0ff90003c1,456803738-7,Ainslee Hyde-Chambers,2010-10-01 15:22:16
5f03fa8cfc13ae0ff90003c2,657627384-3,Domingo Claussen,2011-11-19 11:07:18
5f03fa8cfc13ae0ff90003c3,616106420-0,Vivyan Treadway,2013-01-02 05:58:11
5f03fa8cfc13ae0ff90003c4,355605913-4,Bar Davioud,2018-06-26 07:18:08
5f03fa8cfc13ae0ff90003c5,488510668-0,Page Trudgian,2020-04-11 06:56:55
5f03fa8cfc13ae0ff90003c6,758307464-9,Cassius Reignolds,2011-02-22 09:57:23
5f03fa8cfc13ae0ff90003c7,973576000-2,Saidee Rickword,2014-04-14 08:07:56
5f03fa8cfc13ae0ff90003c8,013965846-7,Lainey Bocock,2017-02-02 06:55:23
5f03fa8cfc13ae0ff90003c9,751383383-4,Arny Fysh,2019-04-21 01:07:21
5f03fa8cfc13ae0ff90003ca,782902192-9,Shoshanna Harms,2012-08-07 18:30:51
5f03fa8cfc13ae0ff90003cb,819722938-4,Fernanda Blunkett,2019-07-18 20:36:37
5f03fa8cfc13ae0ff90003cc,261522862-5,Brynna Rahill,2019-06-26 17:06:18
5f03fa8cfc13ae0ff90003cd,326174006-X,Normy Naul,2010-08-01 18:58:36
5f03fa8cfc13ae0ff90003ce,163867086-2,Lonee Wyllie,2012-06-03 08:25:27
5f03fa8cfc13ae0ff90003cf,706814339-3,Lowe Carlesi,2012-12-14 08:33:49
5f03fa8cfc13ae0ff90003d0,113177978-9,Nilson Hannum,2018-09-03 03:29:05
5f03fa8cfc13ae0ff90003d1,765293090-1,Aggy Kerins,2019-08-30 10:35:45
5f03fa8cfc13ae0ff90003d2,411939704-1,Adrienne Eglinton,2016-11-09 18:54:31
5f03fa8cfc13ae0ff90003d3,564546628-4,Stevie Solomonides,2016-10-05 03:25:09
5f03fa8cfc13ae0ff90003d4,928311816-2,Brade Coppledike,2015-01-19 18:03:52
5f03fa8cfc13ae0ff90003d5,732862715-8,Meade Monson,2013-05-17 14:51:37
5f03fa8cfc13ae0ff90003d6,383578812-4,Farlie Cumpsty,2017-05-30 10:04:33
5f03fa8cfc13ae0ff90003d7,180237946-0,Peadar Drabble,2017-02-27 14:22:40
5f03fa8cfc13ae0ff90003d8,613037920-X,Joycelin Wealthall,2019-03-29 02:58:09
5f03fa8cfc13ae0ff90003d9,002488859-1,Violante Baison,2018-12-11 03:11:43
5f03fa8cfc13ae0ff90003da,726174705-X,Rodd Swalwell,2013-05-28 06:09:08
5f03fa8cfc13ae0ff90003db,206261174-9,Gusella Crasswell,2017-08-14 00:12:26
5f03fa8cfc13ae0ff90003dc,135925266-5,Madelene MacCartan,2020-04-17 21:14:17
5f03fa8cfc13ae0ff90003dd,221827573-2,Washington Boanas,2018-03-16 10:34:38
5f03fa8cfc13ae0ff90003de,576429824-5,Mariska Nuschke,2018-10-09 23:29:34
5f03fa8cfc13ae0ff90003df,260668949-6,Gaile Corradetti,2012-07-02 03:16:19
5f03fa8cfc13ae0ff90003e0,178194561-6,Loralie Christofle,2014-04-24 15:44:33
5f03fa8cfc13ae0ff90003e1,561412798-4,Corny O'Skehan,2016-06-27 19:01:23
5f03fa8cfc13ae0ff90003e2,607647614-1,Gusella McComiskie,2014-08-22 12:03:56
5f03fa8cfc13ae0ff90003e3,999375834-5,Zacherie Cockshott,2018-05-30 05:17:12
5f03fa8cfc13ae0ff90003e4,352393070-7,Lillis Beere,2013-06-10 16:23:12
5f03fa8cfc13ae0ff90003e5,058746810-6,Miguela Denisot,2017-05-16 10:52:31
5f03fa8cfc13ae0ff90003e6,356175525-9,Hill Sowden,2014-01-12 19:32:06
5f03fa8cfc13ae0ff90003e7,160841037-4,Eolande Perico,2012-03-11 07:45:41
